Pregnancies,Glucose,BloodPressure,SkinThickness,Insulin,BMI,DiabetesPedigreeFunction,Age,Outcome
-0.8347736965656157,-0.8383945586731611,2.7320257497139213,0.007142411080268785,0.011128586230843347,-1.4494477131351062,-0.8941078825781863,-0.5404581575965516,0
-0.2469744664395313,-0.34766322104475317,-1.3757213106614188,1.3351844713177508,0.011128586230843347,-0.31468272719380563,0.32272714557634635,-0.27810161238532144,0
-0.8347736965656157,-0.44580948857043473,1.362776729588808,-1.3208996491572131,0.011128586230843347,-0.7567989554826239,-0.22311028133868682,-0.8028147028077817,0
-0.5408740815025735,-1.067402516233085,1.5339328571044473,0.13994661710401698,0.011128586230843347,0.18638233153352154,-0.5985908043120856,0.7713245684595988,0
0.3408247636865531,0.47022234166926014,1.0204644745575298,1.600792883365247,-1.4967397560373392,0.4074404456779307,-0.6194508333661632,0.15915929630006198,1
-0.5408740815025735,-0.707532868638919,-0.691096800598862,-0.7896828250622203,0.011128586230843347,-0.37363155763231504,-0.3343637696271013,-1.0651712480190116,0
0.9286239938126375,-0.0859398409762689,-0.006472290536305356,0.007142411080268785,0.011128586230843347,-1.0368059000655425,-0.8871545395601603,0.33406365977421537,0
0.9286239938126375,-0.8056791361646005,0.335839964494973,0.40555502915151337,-1.4967397560373392,1.2769356946459398,1.4144019994064123,-0.10319724891116808,1
0.6347243787495953,-0.6093866011132374,-0.5199406730832229,0.007142411080268785,0.011128586230843347,-1.1694407685521877,-0.7480876791996423,-0.36555379412239813,0
-1.128673311628658,0.830091989263426,1.1060425383153494,1.7999991924008694,0.011128586230843347,1.5569426392288577,-0.3100270690640106,-0.8028147028077817,0
0.9286239938126375,-0.6421020236217979,0.1646838369793338,1.4679886773414987,-1.4967397560373392,0.7316590130897311,-0.9045378971052251,1.0336811136708288,0
-0.5408740815025735,-0.053224418467708375,0.335839964494973,1.0695760592702543,-1.4967397560373392,1.100089203330413,-0.8662945105060825,-0.36555379412239813,0
-1.128673311628658,-0.9038254036902822,-0.006472290536305356,0.007142411080268785,0.011128586230843347,0.024273047827621307,-0.7237509786365516,-0.715362521070705,0
-0.5408740815025735,0.6665148767206233,0.8493083470418905,-1.4537038551809613,-1.4967397560373392,-1.1104919381136789,1.031968133414988,-1.0651712480190116,0
-1.128673311628658,0.11035269407509428,2.047401239651365,0.007142411080268785,0.011128586230843347,-1.4347105055254787,-0.7028909495824739,-1.0651712480190116,0
1.2225236088756797,0.14306811658365481,1.362776729588808,0.9367718532465061,-1.4967397560373392,0.9232427120148853,-0.4004205282983474,1.3834898406191356,0
-0.8347736965656157,-0.4130940660618742,-1.0334090556301405,-1.91851857626408,1.4752905997376293,-1.007331484846288,1.6786290340913963,-1.0651712480190116,0
-0.2469744664395313,1.320823326891834,-1.718033565692697,1.2023802652940025,0.011128586230843347,0.7316590130897311,0.6530109389325764,-0.8028147028077817,1
-0.8347736965656157,-0.707532868638919,0.1646838369793338,-1.91851857626408,-1.4967397560373392,-1.876826733814297,-1.0957548301009372,-0.45300597585947483,0
-1.128673311628658,0.07763727156653374,-1.3757213106614188,-1.91851857626408,-1.4967397560373392,-1.5378709587928696,-0.04232336287001348,-1.0651712480190116,0
0.9286239938126375,2.367716847165771,-0.3487845455675837,-0.1256617949434794,0.011128586230843347,0.540075314164576,0.9763413892707806,0.6838723867225222,1
-1.128673311628658,1.320823326891834,0.335839964494973,0.9367718532465061,0.011128586230843347,2.559072756683513,-0.3482704556631531,-0.6279103393336283,1
-0.5408740815025735,0.04492184905797322,-2.0603458207239753,0.40555502915151337,1.4752905997376293,1.4537821859614675,0.1940902997428671,-0.6279103393336283,0
0.3408247636865531,-0.21680153101051103,2.218557367167004,0.007142411080268785,0.011128586230843347,2.706444832779786,-0.8871545395601603,-0.45300597585947483,1
2.6920216841908906,0.9936691018062286,1.5339328571044473,0.5383592351752615,-1.4967397560373392,-0.8010105783115058,0.9276679881445993,0.8587767501966755,1
-1.128673311628658,-1.5908492763700532,-0.006472290536305356,0.007142411080268785,0.011128586230843347,-1.6410314120602605,-0.42475722886143785,-0.715362521070705,0
1.5164232239387219,1.1245307918404708,1.1916206020731688,0.007142411080268785,0.011128586230843347,-1.0957547305040514,-0.8141444378708883,1.7332985675674424,1
-0.8347736965656157,0.47022234166926014,0.1646838369793338,1.7999991924008694,1.4752905997376293,0.7611334283089851,-0.22658695284769978,-0.8028147028077817,0
2.1042224540648062,-0.053224418467708375,0.6781522195262514,1.0695760592702543,1.4752905997376293,1.4832566011807213,1.1154082496312987,1.296037658882059,1
-0.5408740815025735,-0.707532868638919,-0.5199406730832229,-1.188095443133465,-1.4967397560373392,0.09795908587575769,1.4004953133703604,-0.45300597585947483,1
-0.8347736965656157,-0.5112403335875558,-0.17762841805194454,-0.1256617949434794,0.7978425039359821,0.2895427848009129,-1.1200915306640278,-0.977719066281935,0
-0.8347736965656157,-0.4130940660618742,-1.3757213106614188,-1.0552912371097167,0.7978425039359821,-1.0368059000655425,1.28228848206392,-0.8902668845448583,0
0.6347243787495953,-0.47852491107899525,1.362776729588808,0.007142411080268785,0.011128586230843347,0.6727101826512212,0.9137613021085476,-0.19064943064824477,0
-1.128673311628658,-0.5766711786046769,-0.691096800598862,-0.7896828250622203,-0.8629979889970886,-0.653638502215233,-0.03537001985198758,-0.8902668845448583,0
1.5164232239387219,1.0590999468233497,0.5069960920106121,0.13994661710401698,-1.4967397560373392,-0.19678506631678783,-1.0436047574657428,1.0336811136708288,0
-0.2469744664395313,-0.34766322104475317,-0.8622529281145013,0.007142411080268785,0.011128586230843347,-1.4199732979158513,-1.1200915306640278,-1.0651712480190116,0
-0.8347736965656157,-1.5908492763700532,-1.8891896932083363,-1.91851857626408,0.011128586230843347,-1.3610244674773424,-0.7515643507086552,-1.0651712480190116,0
-0.8347736965656157,-0.0859398409762689,-1.546877438177058,-1.91851857626408,-1.4967397560373392,-1.4641849207447333,-0.9010612255962122,-0.8028147028077817,0
1.2225236088756797,1.942416354554484,-0.3487845455675837,0.9367718532465061,1.4752905997376293,-0.31468272719380563,0.5243740930990972,2.345463839726979,1
-0.5408740815025735,0.11035269407509428,-1.0334090556301405,-1.188095443133465,1.234905791549948,0.23059395436240296,-1.3078317921507272,-0.19064943064824477,0
0.0469251486235109,1.6806929744859997,-0.17762841805194454,-1.91851857626408,1.4752905997376293,-0.37363155763231504,-0.35870047019019197,-0.01574506717409139,1
-0.5408740815025735,1.1572462143490312,0.1646838369793338,0.8039676472227579,1.4752905997376293,1.0558775805015306,-1.1479049027361314,-0.27810161238532144,0
1.5164232239387219,1.386254171908955,1.0204644745575298,-1.0552912371097167,0.011128586230843347,-0.2115222739264148,1.2753351390458942,-0.10319724891116808,1
0.3408247636865531,-0.8711099811817217,-0.006472290536305356,0.5383592351752615,0.011128586230843347,0.8053450511378676,-0.3274104266090754,-0.5404581575965516,0
-0.2469744664395313,1.3535387494003945,-0.17762841805194454,-1.4537038551809613,-1.4967397560373392,-0.09362461304939648,-0.6820309205283962,-0.45300597585947483,1
1.2225236088756797,2.1714243121144077,0.5069960920106121,0.007142411080268785,0.011128586230843347,2.308540227319849,-1.1374748882090926,0.8587767501966755,1
2.1042224540648062,0.5356531866863812,0.335839964494973,0.007142411080268785,0.011128586230843347,0.14217070870464013,-0.15357685115842795,0.15915929630006198,0
-0.8347736965656157,-1.3945567413186901,0.6781522195262514,-0.524074413014724,-1.4967397560373392,-1.007331484846288,0.41312060481068275,-0.977719066281935,0
-0.5408740815025735,-0.3149477985361926,0.5069960920106121,1.7999991924008694,1.234905791549948,1.0558775805015306,-1.0053613708666005,-0.8028147028077817,0
-0.8347736965656157,-0.9365408261988427,-0.17762841805194454,0.27275082312776516,0.011128586230843347,-0.2704711043649242,-0.5186273596047876,-0.8902668845448583,0
-0.8347736965656157,0.6992302992291838,1.1916206020731688,0.13994661710401698,1.4752905997376293,-0.31468272719380563,1.4874121010956842,-0.8902668845448583,0
-0.8347736965656157,-0.6748174461303584,-1.8891896932083363,-1.8521164732522057,-1.4967397560373392,-1.1841779761618152,0.2149503287969448,-0.6279103393336283,0
-0.5408740815025735,-0.0859398409762689,-0.006472290536305356,0.007142411080268785,0.011128586230843347,-1.8620895262046695,1.2788118105549071,2.749930180260959,0
1.2225236088756797,0.14306811658365481,0.1646838369793338,1.2023802652940025,-1.4967397560373392,-0.9336454467981516,-1.0505581004837687,0.5089680232483688,0
-0.2469744664395313,-0.8383945586731611,-1.3757213106614188,0.6711634411990097,-0.9504106465198818,-1.1104919381136789,1.6681990195643575,0.5089680232483688,0
2.1042224540648062,0.43750691916069956,-0.006472290536305356,0.007142411080268785,0.011128586230843347,2.706444832779786,0.395737247265618,0.5964202049854455,1
0.0469251486235109,-1.4927030088443718,-0.8622529281145013,0.007142411080268785,0.011128586230843347,0.2600683695816579,-0.2544003249198034,-0.715362521070705,0
0.0469251486235109,0.11035269407509428,0.6781522195262514,0.007142411080268785,0.011128586230843347,0.009535840217993825,0.24971704388707433,-0.5404581575965516,1
-1.128673311628658,1.9097009320459235,1.5339328571044473,-0.39127020699097576,-1.4967397560373392,0.6284985598223398,-0.5221040311138005,0.15915929630006198,1
-0.8347736965656157,-1.6562801213871743,-0.8622529281145013,0.007142411080268785,0.011128586230843347,-1.5378709587928696,-0.16748353719447978,-0.6279103393336283,0
-0.8347736965656157,-0.15137068599338996,-0.3487845455675837,0.8039676472227579,0.011128586230843347,-0.034675782610887586,-0.2613536679378293,-0.977719066281935,0
0.0469251486235109,-0.3803786435533137,-0.5199406730832229,0.007142411080268785,0.011128586230843347,-0.04941299022051507,0.02373339580123242,-0.36555379412239813,0
-1.128673311628658,1.4189695944175156,0.335839964494973,1.7999991924008694,1.4752905997376293,2.308540227319849,-0.7133209641095127,-0.6279103393336283,0
-0.5408740815025735,1.7461238195031208,1.362776729588808,0.007142411080268785,0.011128586230843347,-1.37576167508697,-0.4803839730056451,-0.977719066281935,0
-0.8347736965656157,0.01220642654941269,-0.691096800598862,0.40555502915151337,1.4752905997376293,0.4221776532875582,0.7920777992930942,-0.27810161238532144,1
-0.5408740815025735,-0.3149477985361926,0.25026190073715343,0.40555502915151337,0.011128586230843347,0.510600898945322,-1.09923150160995,-1.0651712480190116,0
0.0469251486235109,-0.8056791361646005,-1.0334090556301405,-0.7896828250622203,0.011128586230843347,-0.5946896717767242,-0.07361340645113006,-0.977719066281935,0
-0.8347736965656157,-0.44580948857043473,-1.0334090556301405,1.7999991924008694,1.4752905997376293,0.48112648372606703,-0.17096020870349274,-0.8028147028077817,0
-0.2469744664395313,1.7134083969945604,-1.2045651831457795,-0.9224870310859685,1.4752905997376293,0.09795908587575769,0.44788731990081226,0.24661147803713868,1
-1.128673311628658,0.14306811658365481,1.0204644745575298,0.007142411080268785,1.4752905997376293,-0.22625948153604228,0.1940902997428671,-0.8028147028077817,0
-0.5408740815025735,-0.3149477985361926,-0.5199406730832229,-0.9224870310859685,0.011128586230843347,-1.0662803152847968,-0.5464407316768912,-0.8028147028077817,0
-0.8347736965656157,1.026384524314789,0.8493083470418905,1.7335970893889951,1.4752905997376293,1.2327240718170582,0.7746944417480298,-0.8902668845448583,0
1.5164232239387219,-2.114296036507022,0.6781522195262514,1.0695760592702543,0.011128586230843347,0.0832218782661302,-1.2800184200786235,0.6838723867225222,0
0.0469251486235109,-1.198264206267327,-1.2045651831457795,-0.9224870310859685,-1.4967397560373392,-0.653638502215233,-0.5499174031859042,-0.45300597585947483,0
0.3408247636865531,-1.1001179387416453,0.5069960920106121,0.13994661710401698,0.011128586230843347,-0.6831129174344875,-0.7167976356185257,0.33406365977421537,0
1.810322839001764,-1.5254184313529322,0.8493083470418905,0.007142411080268785,0.011128586230843347,0.1569079163142666,-0.6994142780734609,0.42151584151129207,0
-0.8347736965656157,-1.067402516233085,0.335839964494973,0.6711634411990097,-1.4967397560373392,-0.15257344348790589,-0.9462579552133804,-0.8902668845448583,0
-1.128673311628658,0.43750691916069956,-0.3487845455675837,1.7335970893889951,1.4752905997376293,1.4832566011807213,-0.34479378415414014,-0.8028147028077817,1
-0.8347736965656157,1.6479775519774391,-0.3487845455675837,1.7999991924008694,1.4752905997376293,1.4979938087903488,0.8268445143832237,-0.45300597585947483,1
1.5164232239387219,-0.5112403335875558,-1.718033565692697,0.007142411080268785,0.011128586230843347,-0.15257344348790589,-0.29264371151894586,0.7713245684595988,0
1.5164232239387219,1.6152621294688787,2.7320257497139213,-0.6568786190384721,1.4752905997376293,1.940110037079167,0.8929012730544698,1.8207507493045192,1
-0.8347736965656157,-1.4599875863358112,-1.3757213106614188,0.13994661710401698,-1.4967397560373392,0.1569079163142666,2.6112461663841207,-0.8028147028077817,0
-0.8347736965656157,-0.0859398409762689,1.362776729588808,1.600792883365247,1.4752905997376293,1.9253728294695396,0.1488935701256987,-0.6279103393336283,0
-0.5408740815025735,-0.9692562487074032,-0.8622529281145013,-0.1256617949434794,0.011128586230843347,-0.09362461304939648,-1.1618115887721832,-0.8028147028077817,0
-0.8347736965656157,-0.8056791361646005,-0.691096800598862,-1.3208996491572131,-1.4967397560373392,-2.068410432739452,-0.5742541037489949,-1.0651712480190116,0
-0.5408740815025735,-0.44580948857043473,-0.8622529281145013,-1.91851857626408,1.4752905997376293,-1.022068692455915,1.4491687144965417,-0.977719066281935,0
-1.128673311628658,-0.24951695351907155,0.6781522195262514,0.6711634411990097,1.4752905997376293,1.7632635457636405,-1.033174742938704,-0.5404581575965516,0
0.0469251486235109,2.0405626220801656,0.5069960920106121,1.3351844713177508,1.4752905997376293,0.7021845978704762,-0.695937606564448,-0.19064943064824477,1
-0.8347736965656157,-0.24951695351907155,-0.5199406730832229,0.9367718532465061,1.4752905997376293,0.8642938815763764,-0.6090208188391244,-1.0651712480190116,0
2.1042224540648062,0.47022234166926014,1.0204644745575298,0.8039676472227579,0.36077921632201615,-0.5799524641670967,-0.7098442926004997,0.7713245684595988,1
-0.8347736965656157,0.11035269407509428,-1.8891896932083363,1.4679886773414987,1.4752905997376293,0.1569079163142666,1.7307791067265905,-0.45300597585947483,1
0.3408247636865531,-1.1001179387416453,-0.5199406730832229,-1.0552912371097167,-1.4967397560373392,-1.1547035609425607,-0.42475722886143785,-0.27810161238532144,0
0.0469251486235109,0.40479149665213904,-0.006472290536305356,0.007142411080268785,0.011128586230843347,-1.243126806600324,-0.6507408769472796,2.345463839726979,1
-0.2469744664395313,-1.2309796287758874,-0.006472290536305356,0.40555502915151337,0.011128586230843347,0.7316590130897311,-0.6855075920374091,-0.45300597585947483,0
0.9286239938126375,2.138708889605847,-0.3487845455675837,1.3351844713177508,1.4752905997376293,0.8053450511378676,-0.7307043216545775,0.6838723867225222,1
-0.5408740815025735,-0.4130940660618742,1.7050889846200865,0.007142411080268785,0.011128586230843347,1.5422054316192313,1.3240085401720756,1.8207507493045192,0
-0.8347736965656157,-1.1655487837587664,-0.5199406730832229,1.7999991924008694,-1.4967397560373392,1.3358845250844487,1.574328888821008,-0.36555379412239813,0
-0.8347736965656157,-0.47852491107899525,-1.8891896932083363,-1.3208996491572131,0.011128586230843347,-0.5799524641670967,-0.9845013418125228,-0.36555379412239813,0
0.0469251486235109,-0.7402482911474795,-0.3487845455675837,1.2023802652940025,0.011128586230843347,0.0832218782661302,-1.109661516136989,-0.01574506717409139,0
-1.128673311628658,0.9609536792976681,1.5339328571044473,1.7999991924008694,0.011128586230843347,1.4537821859614675,-0.32393375510006245,-1.0651712480190116,1
0.3408247636865531,-1.5908492763700532,-1.0334090556301405,0.007142411080268785,0.011128586230843347,-0.8010105783115058,-0.6820309205283962,-0.5404581575965516,0
-0.8347736965656157,1.386254171908955,0.8493083470418905,1.7999991924008694,-1.4967397560373392,0.0832218782661302,-0.42823390037045084,1.4709420223562124,0
-0.2469744664395313,-0.02050899595914784,-1.718033565692697,0.007142411080268785,0.011128586230843347,0.5548125217742035,-1.172241603299222,-0.715362521070705,1
-1.128673311628658,1.4844004394346366,-0.006472290536305356,0.007142411080268785,0.011128586230843347,0.009535840217993825,1.303148511117998,-0.27810161238532144,1
-0.5408740815025735,0.7319457217377443,-1.2045651831457795,0.5383592351752615,0.7978425039359821,-0.09362461304939648,-0.14662350814040206,-0.715362521070705,1
-0.5408740815025735,0.01220642654941269,-0.17762841805194454,-0.2584660009672276,0.011128586230843347,0.6727101826512212,-0.43171057187946377,-0.5404581575965516,0
0.0469251486235109,0.2412143841093364,-1.0334090556301405,-1.91851857626408,1.4752905997376293,-0.697850125044115,0.21842700030595777,-0.19064943064824477,0
-0.8347736965656157,-1.067402516233085,-2.7449703307865323,-1.3208996491572131,-1.4967397560373392,-0.653638502215233,0.32968048859437227,-1.0651712480190116,0
2.8389714917224116,1.3535387494003945,-0.006472290536305356,1.600792883365247,-1.037823304042675,1.2769356946459398,1.226661737919713,1.2085854771449822,1
0.6347243787495953,-0.34766322104475317,-0.691096800598862,1.3351844713177508,0.011128586230843347,0.2895427848009129,-0.7098442926004997,-0.8028147028077817,0
0.0469251486235109,-1.0346870937245243,1.362776729588808,1.7999991924008694,-1.4967397560373392,0.8053450511378676,-0.35522379868117904,-0.36555379412239813,0
1.2225236088756797,2.433147692182892,0.335839964494973,0.007142411080268785,1.4752905997376293,0.7758706359186126,0.4896073780089677,2.083107294515749,1
2.6920216841908906,-0.5112403335875558,-0.006472290536305356,1.7999991924008694,0.011128586230843347,0.6432357674319673,-0.9949313563395618,1.0336811136708288,0
-0.5408740815025735,1.0918153693319101,-1.718033565692697,-0.2584660009672276,1.4752905997376293,0.9527171272341403,-0.7793777227807589,-0.715362521070705,1
-0.2469744664395313,1.6806929744859997,0.8493083470418905,1.7999991924008694,1.4752905997376293,0.9085055044052578,2.6112461663841207,-0.715362521070705,1
-0.2469744664395313,1.6152621294688787,-0.006472290536305356,0.5383592351752615,0.7978425039359821,0.1569079163142666,-0.9219212546502897,-0.8028147028077817,1
1.810322839001764,1.2881079043832733,-0.3487845455675837,-0.7896828250622203,0.5356045313676026,-0.9925942772366605,-0.4803839730056451,1.2085854771449822,1
-0.5408740815025735,-0.9365408261988427,-0.691096800598862,0.40555502915151337,1.4752905997376293,0.8495566739667489,0.7294977121308615,-0.8902668845448583,1
1.810322839001764,0.2412143841093364,-0.8622529281145013,0.9367718532465061,0.011128586230843347,1.3211473174748223,-0.08056674946915596,0.42151584151129207,1
-1.128673311628658,1.9097009320459235,-0.5199406730832229,1.3351844713177508,0.011128586230843347,1.43904497835184,2.6112461663841207,-0.715362521070705,1
-0.2469744664395313,0.01220642654941269,0.5069960920106121,0.007142411080268785,0.011128586230843347,-1.3610244674773424,-0.7307043216545775,0.5964202049854455,0
-0.8347736965656157,1.517115861943197,1.362776729588808,0.007142411080268785,0.011128586230843347,0.4074404456779307,1.5326088307128527,1.6458463858303658,1
-0.8347736965656157,-1.0019716712159636,-1.546877438177058,-0.524074413014724,-1.4967397560373392,-1.0368059000655425,-0.8002377518348365,-0.8902668845448583,0
-0.2469744664395313,-1.3618413188101295,-0.006472290536305356,0.007142411080268785,0.011128586230843347,0.024273047827621307,-1.0088380423756136,-0.977719066281935,0
1.810322839001764,-0.9038254036902822,-0.006472290536305356,-1.4537038551809613,0.011128586230843347,-1.346287259867715,0.4548406629188382,1.9956551127786726,0
0.0469251486235109,2.007847199571605,-0.006472290536305356,0.007142411080268785,0.011128586230843347,-0.5652152565574697,-0.8767245250331215,0.24661147803713868,1
-0.8347736965656157,1.4844004394346366,0.1646838369793338,-1.5865080612047096,1.4752905997376293,-1.3020756370388336,-0.05970672041507825,-0.01574506717409139,1
0.6347243787495953,-1.3618413188101295,-0.5199406730832229,0.13994661710401698,0.011128586230843347,-0.8894338239692696,-0.5255807026228135,0.6838723867225222,0
0.9286239938126375,0.6665148767206233,-1.0334090556301405,0.5383592351752615,1.4752905997376293,-0.5062664261189603,0.7746944417480298,2.432916021464056,0
0.6347243787495953,-0.15137068599338996,-0.3487845455675837,1.600792883365247,0.011128586230843347,0.9969287500630217,0.9137613021085476,0.6838723867225222,1
-0.8347736965656157,-0.5112403335875558,0.335839964494973,0.007142411080268785,0.011128586230843347,0.7758706359186126,-0.9288745976683156,-0.6279103393336283,0
1.2225236088756797,1.4844004394346366,2.7320257497139213,1.7999991924008694,1.4752905997376293,0.7906078435282401,-1.04012808595673,0.8587767501966755,1
-1.128673311628658,0.7973765667548655,0.8493083470418905,0.007142411080268785,0.011128586230843347,1.2179868642074307,2.6112461663841207,0.9462289319337522,0
-0.5408740815025735,-2.1470114590155824,-1.3757213106614188,-0.1256617949434794,-1.4967397560373392,-1.1841779761618152,-0.4595239439515674,-0.977719066281935,0
1.810322839001764,0.3720760741435785,-0.3487845455675837,0.007142411080268785,0.011128586230843347,-0.7715361630922514,-0.7619943652356941,0.24661147803713868,0
-0.8347736965656157,-0.9692562487074032,-0.8622529281145013,-0.524074413014724,-1.4967397560373392,-1.876826733814297,0.0619767824003749,-0.715362521070705,0
1.2225236088756797,-0.47852491107899525,0.6781522195262514,0.007142411080268785,0.011128586230843347,-1.1252291457233057,1.362251926771218,0.0717071145629853,0
-1.128673311628658,1.8769855095373629,1.5339328571044473,-0.2584660009672276,0.011128586230843347,1.748526338154013,0.7712177702390168,-0.8902668845448583,1
0.6347243787495953,-1.132833361250206,0.6781522195262514,0.007142411080268785,0.011128586230843347,-1.3315500522580879,-1.321738478186779,-0.10319724891116808,0
0.6347243787495953,-0.21680153101051103,-1.0334090556301405,1.3351844713177508,0.011128586230843347,0.21585674675277652,-0.7619943652356941,0.5964202049854455,1
0.3408247636865531,-0.24951695351907155,0.1646838369793338,0.007142411080268785,0.011128586230843347,-1.0810175228944243,0.9728647177617677,2.083107294515749,0
1.2225236088756797,1.8769855095373629,-0.006472290536305356,1.7335970893889951,0.36077921632201615,0.06848467065650377,0.8859479300364439,0.24661147803713868,1
-1.128673311628658,-1.0019716712159636,-0.3487845455675837,0.40555502915151337,1.4752905997376293,1.129563618549667,-0.28916704000993293,-0.715362521070705,0
1.810322839001764,1.320823326891834,1.0204644745575298,0.007142411080268785,0.011128586230843347,-0.6683757098248605,-0.9810246703035099,1.8207507493045192,0
0.9286239938126375,0.3720760741435785,1.0204644745575298,0.007142411080268785,0.011128586230843347,1.1737752413785494,0.805984485329146,0.33406365977421537,0
-0.2469744664395313,-0.6093866011132374,-0.006472290536305356,0.13994661710401698,1.4752905997376293,-0.6831129174344875,0.9241913166355864,-0.5404581575965516,0
-0.2469744664395313,-0.7402482911474795,-0.8622529281145013,-1.3208996491572131,-1.4967397560373392,-1.5378709587928696,-0.6437875339292537,-0.6279103393336283,0
-0.8347736965656157,-0.34766322104475317,-0.8622529281145013,-1.91851857626408,1.4752905997376293,-1.2136523913810697,-1.1339982167000797,-0.8902668845448583,0
-0.2469744664395313,1.9097009320459235,-0.691096800598862,-0.524074413014724,-1.4967397560373392,0.2600683695816579,-0.6716009060013574,-0.6279103393336283,0
1.2225236088756797,-0.707532868638919,0.335839964494973,0.007142411080268785,0.011128586230843347,0.9527171272341403,-0.9532112982314063,0.7713245684595988,0
-0.5408740815025735,0.7973765667548655,-0.006472290536305356,0.007142411080268785,0.011128586230843347,-0.697850125044115,-0.7793777227807589,-0.45300597585947483,1
-1.128673311628658,-0.9365408261988427,-1.0334090556301405,-0.524074413014724,-1.4967397560373392,-0.5210036337285878,0.23581035785102253,-0.977719066281935,0
-0.8347736965656157,0.895522834280547,-0.3487845455675837,0.007142411080268785,0.09854124375363654,-0.43258038807082394,-0.4004205282983474,0.7713245684595988,1
-1.128673311628658,-0.18408610850195048,-0.691096800598862,1.3351844713177508,1.4752905997376293,1.1737752413785494,0.8894246015454569,1.4709420223562124,0
-0.5408740815025735,-0.7402482911474795,-1.0334090556301405,-1.5865080612047096,1.4752905997376293,0.6432357674319673,-0.03884669136100053,-1.0651712480190116,0
-0.8347736965656157,-0.8383945586731611,-0.691096800598862,-0.2584660009672276,-1.4967397560373392,0.14217070870464013,-0.6090208188391244,-1.0651712480190116,0
0.6347243787495953,-0.0859398409762689,-1.8891896932083363,-0.9224870310859685,1.4752905997376293,-0.7567989554826239,2.6112461663841207,-0.01574506717409139,1
-0.5408740815025735,-0.3149477985361926,-0.3487845455675837,-0.9224870310859685,-1.4967397560373392,0.2748055771912854,-0.5186273596047876,-0.6279103393336283,0
0.3408247636865531,-0.5439557560961163,-0.006472290536305356,0.007142411080268785,1.4752905997376293,0.6874473902608487,-1.0609881150108076,-0.45300597585947483,0
-0.8347736965656157,-1.329125896301569,-0.006472290536305356,-1.4537038551809613,-1.4967397560373392,-0.8304849935307602,-0.6298808478932021,-0.8028147028077817,0
0.9286239938126375,1.2881079043832733,1.1916206020731688,0.007142411080268785,0.011128586230843347,-0.2704711043649242,-1.04012808595673,1.2085854771449822,1
0.0469251486235109,0.3066452291264575,-0.3487845455675837,-1.0552912371097167,1.4752905997376293,0.12743350109501267,-1.0575114435017947,-0.45300597585947483,0
2.1042224540648062,-1.198264206267327,0.1646838369793338,0.007142411080268785,0.011128586230843347,-0.31468272719380563,-0.5707774322399819,0.15915929630006198,0
-0.2469744664395313,-0.28223237602763207,-2.402658075755254,-1.91851857626408,0.011128586230843347,-1.4494477131351062,-1.1270448736820537,-0.977719066281935,0
-0.5408740815025735,-0.6748174461303584,-1.2045651831457795,-1.5865080612047096,1.4752905997376293,-1.1841779761618152,0.5208974215900842,-0.8902668845448583,0
1.810322839001764,1.8769855095373629,-0.17762841805194454,0.007142411080268785,0.011128586230843347,0.4221776532875582,-0.9184445831412767,0.33406365977421537,0
0.0469251486235109,-0.24951695351907155,-0.6055187368410425,0.007142411080268785,0.011128586230843347,-1.5231337511832426,-0.11185679305027253,0.33406365977421537,0
-1.128673311628658,-0.6421020236217979,-1.718033565692697,0.007142411080268785,0.011128586230843347,-1.0515431076751693,-1.3425985072408566,-1.0651712480190116,0
-1.128673311628658,1.6806929744859997,0.5069960920106121,0.40555502915151337,1.4752905997376293,2.1022193207850672,2.415683394002142,2.170559476252826,0
0.6347243787495953,0.5029377641778207,-0.9478309918723208,0.007142411080268785,0.011128586230843347,-1.1841779761618152,-1.0888014870829112,1.9082029310415958,0
0.6347243787495953,-0.6421020236217979,0.8493083470418905,0.007142411080268785,0.011128586230843347,-0.2115222739264148,-0.9879780133215358,0.24661147803713868,1
1.2225236088756797,0.9609536792976681,0.5069960920106121,0.40555502915151337,1.4752905997376293,1.5716798468384852,0.1801836137068153,0.24661147803713868,1
-0.8347736965656157,0.3720760741435785,2.560869622198282,-0.1256617949434794,1.234905791549948,0.0832218782661302,-0.8002377518348365,1.0336811136708288,1
-1.128673311628658,-0.15137068599338996,0.6781522195262514,0.27275082312776516,-1.4967397560373392,1.9106356218599132,-1.3043551206417143,-0.8028147028077817,0
-0.8347736965656157,-0.47852491107899525,-0.3487845455675837,-1.3208996491572131,0.011128586230843347,-0.8452222011403877,-1.04012808595673,-0.8028147028077817,0
0.0469251486235109,-0.8711099811817217,-0.17762841805194454,0.40555502915151337,0.011128586230843347,-0.0199385750012601,0.5139440785720584,-0.8028147028077817,0
2.398122069127848,-1.2309796287758874,-0.006472290536305356,0.27275082312776516,0.011128586230843347,-0.37363155763231504,-0.5812074467670207,1.1211332954079056,1
-0.8347736965656157,-0.47852491107899525,-0.006472290536305356,0.13994661710401698,-1.4967397560373392,-0.2115222739264148,1.2405684239557646,-0.8028147028077817,0
-0.8347736965656157,-0.8711099811817217,0.1646838369793338,-1.0552912371097167,-1.4967397560373392,-0.9336454467981516,0.7260210406218485,0.24661147803713868,0
0.6347243787495953,-0.7402482911474795,-1.0334090556301405,-1.3208996491572131,-1.4967397560373392,-0.7862733707018789,0.11412685503556919,-0.10319724891116808,0
1.5164232239387219,0.9936691018062286,0.5069960920106121,0.6711634411990097,1.4752905997376293,0.2895427848009129,1.4908887726046973,-0.01574506717409139,1
-0.8347736965656157,-0.053224418467708375,0.6781522195262514,1.7999991924008694,1.4752905997376293,0.9821915424533942,2.4261134085291802,0.6838723867225222,0
-1.128673311628658,0.6337994542120627,-0.006472290536305356,0.007142411080268785,0.011128586230843347,1.4979938087903488,-0.9010612255962122,-0.36555379412239813,1
-0.5408740815025735,-1.1001179387416453,0.1646838369793338,-1.3208996491572131,-1.4967397560373392,-0.47679201089970585,-0.8176211093799012,-0.977719066281935,0
-0.5408740815025735,-0.5439557560961163,-1.2045651831457795,1.4679886773414987,-1.4967397560373392,0.3927032380683032,-0.831527795415953,-0.715362521070705,0
-0.2469744664395313,0.20849896160077588,-0.006472290536305356,-0.524074413014724,1.4752905997376293,0.024273047827621307,0.29491377350424275,-0.5404581575965516,1
-0.2469744664395313,-1.5581338538614928,-0.3487845455675837,-0.1256617949434794,-1.4967397560373392,-0.37363155763231504,-0.5951141328030726,-0.8902668845448583,0
1.5164232239387219,1.4189695944175156,1.362776729588808,0.007142411080268785,0.011128586230843347,-0.2704711043649242,-0.5638240892219559,1.3834898406191356,1
-1.128673311628658,-0.0859398409762689,-0.691096800598862,-1.4537038551809613,-1.4967397560373392,0.3927032380683032,0.9068079590905216,-0.8902668845448583,0
-0.8347736965656157,-0.8056791361646005,-0.3487845455675837,-1.0552912371097167,0.011128586230843347,-0.742061747872997,2.1931764174253128,-0.977719066281935,0
-0.5408740815025735,-0.9692562487074032,-1.718033565692697,0.007142411080268785,0.011128586230843347,-0.31468272719380563,-1.1235682021730407,-0.977719066281935,0
-0.8347736965656157,-0.9365408261988427,-1.3757213106614188,-1.91851857626408,0.011128586230843347,-1.4347105055254787,-0.16400686568546682,-0.977719066281935,0
2.398122069127848,0.6010840317035022,1.1060425383153494,0.5383592351752615,0.011128586230843347,0.7611334283089851,-0.7654710367447071,0.6838723867225222,0
-0.8347736965656157,1.1572462143490312,-0.006472290536305356,-1.0552912371097167,1.4752905997376293,-0.977857069627033,-1.186148289335274,-0.8028147028077817,0
0.3408247636865531,-0.3803786435533137,-0.3487845455675837,0.007142411080268785,0.011128586230843347,-0.9189082391885242,-0.5985908043120856,-0.27810161238532144,0
0.0469251486235109,-0.7402482911474795,-0.006472290536305356,-1.5865080612047096,0.011128586230843347,-0.977857069627033,-0.5916374612940596,-0.45300597585947483,0
0.9286239938126375,0.2412143841093364,-0.3487845455675837,1.7999991924008694,-0.07628407129194985,0.9232427120148853,-0.08752009248718187,0.8587767501966755,1
-0.8347736965656157,0.7973765667548655,-1.3757213106614188,0.007142411080268785,0.011128586230843347,-0.37363155763231504,0.34706384613943664,-0.36555379412239813,0
2.1042224540648062,1.0918153693319101,0.335839964494973,-0.1256617949434794,1.4752905997376293,0.1569079163142666,2.6112461663841207,1.558394204093289,1
0.0469251486235109,-0.3803786435533137,0.335839964494973,-1.188095443133465,-1.4967397560373392,-0.5652152565574697,-1.2035316468803388,-0.5404581575965516,0
-0.5408740815025735,-0.707532868638919,-1.546877438177058,-0.1256617949434794,-1.4967397560373392,0.820082258747494,0.11760352654458214,-0.8028147028077817,0
0.3408247636865531,-0.5766711786046769,0.1646838369793338,0.007142411080268785,0.011128586230843347,-0.5062664261189603,-1.0818481440648853,1.296037658882059,0
-0.8347736965656157,0.07763727156653374,0.1646838369793338,0.9367718532465061,0.011128586230843347,-0.653638502215233,-1.2661117340425718,-0.27810161238532144,0
-0.5408740815025735,-0.21680153101051103,-0.691096800598862,-0.9224870310859685,0.011128586230843347,-0.2115222739264148,-0.15010017964941502,-1.0651712480190116,0
1.5164232239387219,1.386254171908955,0.5069960920106121,0.007142411080268785,0.011128586230843347,0.0832218782661302,-1.09923150160995,1.0336811136708288,1
-0.5408740815025735,-0.44580948857043473,-1.718033565692697,-0.39127020699097576,-1.4967397560373392,0.03901025543724879,-0.5081973450777487,-0.977719066281935,0
0.9286239938126375,1.2226770593661522,-0.691096800598862,0.007142411080268785,0.011128586230843347,-0.7125873326537425,-0.5916374612940596,0.5964202049854455,0
-1.128673311628658,-0.5766711786046769,-0.691096800598862,1.0695760592702543,-1.4967397560373392,0.20111953914314903,0.15932358465273758,-0.977719066281935,1
1.5164232239387219,0.7646611442463049,1.362776729588808,0.6711634411990097,1.4752905997376293,-0.28520831197455115,1.0667348485051174,1.7332985675674424,1
-0.2469744664395313,0.2412143841093364,1.7050889846200865,1.7999991924008694,1.4752905997376293,0.6137613522127123,1.7516391357806682,-0.10319724891116808,1
0.6347243787495953,0.40479149665213904,0.6781522195262514,1.0695760592702543,1.4752905997376293,2.058007697956186,-0.7863310657987848,1.1211332954079056,1
-0.8347736965656157,-1.1001179387416453,-2.7449703307865323,1.7335970893889951,-1.4967397560373392,2.706444832779786,0.11065018352655624,-0.6279103393336283,1
-1.128673311628658,-1.2309796287758874,0.8493083470418905,0.27275082312776516,-0.07628407129194985,0.8790310891860039,-0.8037144233438495,-0.8902668845448583,0
-0.2469744664395313,0.11035269407509428,-1.2045651831457795,0.007142411080268785,0.011128586230843347,-0.09362461304939648,-1.0888014870829112,-0.8028147028077817,0
1.5164232239387219,0.6010840317035022,1.8762451121357255,0.007142411080268785,0.011128586230843347,0.06848467065650377,0.9380980026716381,1.0336811136708288,1
0.6347243787495953,0.7319457217377443,-0.006472290536305356,-0.2584660009672276,1.4752905997376293,0.24533116197203045,-0.7272276501455646,0.5964202049854455,0
0.3408247636865531,-0.34766322104475317,-0.006472290536305356,-0.1256617949434794,0.011128586230843347,-1.2283895989906972,-0.19877358077559634,-0.5404581575965516,0
-1.128673311628658,-0.7402482911474795,-0.006472290536305356,0.007142411080268785,0.011128586230843347,-1.0662803152847968,-0.7341809931635904,-0.977719066281935,0
-0.8347736965656157,-0.0859398409762689,-2.402658075755254,1.7999991924008694,-1.4967397560373392,0.48112648372606703,-0.6403108624202407,-0.715362521070705,0
0.3408247636865531,-0.18408610850195048,0.1646838369793338,0.007142411080268785,0.011128586230843347,0.009535840217993825,0.6808243110046801,0.15915929630006198,1
1.2225236088756797,1.0590999468233497,0.5069960920106121,0.40555502915151337,0.011128586230843347,0.024273047827621307,-0.07361340645113006,1.0336811136708288,1
-0.8347736965656157,0.20849896160077588,2.218557367167004,1.600792883365247,-1.4967397560373392,-0.034675782610887586,2.6112461663841207,-0.01574506717409139,1
-0.8347736965656157,-0.8056791361646005,-0.17762841805194454,-1.8521164732522057,0.011128586230843347,-2.068410432739452,-1.102708173118963,-1.0651712480190116,0
-1.128673311628658,-0.6421020236217979,1.1916206020731688,-1.5865080612047096,-1.4967397560373392,-0.43258038807082394,0.802507813820133,-0.5404581575965516,0
-0.8347736965656157,0.3066452291264575,-0.691096800598862,-1.91851857626408,1.4752905997376293,-1.2578640142099515,-0.2613536679378293,-1.0651712480190116,0
2.8389714917224116,-0.707532868638919,0.5069960920106121,-0.524074413014724,1.4752905997376293,0.6432357674319673,-0.18139022323053158,1.1211332954079056,1
-0.8347736965656157,-0.8056791361646005,-0.17762841805194454,1.4679886773414987,0.011128586230843347,0.8642938815763764,-0.8558644959790437,-0.27810161238532144,0
0.9286239938126375,-0.24951695351907155,-0.691096800598862,0.007142411080268785,0.011128586230843347,-0.7125873326537425,0.9311446596536123,0.0717071145629853,1
-0.2469744664395313,0.20849896160077588,0.5069960920106121,0.007142411080268785,0.011128586230843347,-1.6410314120602605,-0.6820309205283962,1.9082029310415958,0
-0.8347736965656157,0.20849896160077588,-2.0603458207239753,1.7999991924008694,1.4752905997376293,1.2179868642074307,0.5174207500810712,-0.8028147028077817,1
0.3408247636865531,0.27392980661789695,0.8493083470418905,0.007142411080268785,0.011128586230843347,1.0116659576726492,1.7099190776725128,0.33406365977421537,1
2.1042224540648062,0.17578353909221534,2.7320257497139213,0.007142411080268785,0.011128586230843347,0.9969287500630217,-0.9532112982314063,1.558394204093289,0
-1.128673311628658,0.5029377641778207,-0.17762841805194454,1.2023802652940025,0.011128586230843347,0.14217070870464013,-1.022744728411665,-0.977719066281935,0
0.0469251486235109,-0.21680153101051103,-0.006472290536305356,0.007142411080268785,0.011128586230843347,-0.49152921850933334,-0.3065503975549977,1.1211332954079056,1
-1.128673311628658,-0.11865526348482944,-0.691096800598862,-0.7896828250622203,-1.4967397560373392,0.024273047827621307,2.6112461663841207,-1.0651712480190116,0
0.0469251486235109,-0.4130940660618742,-0.691096800598862,1.7999991924008694,-1.4967397560373392,0.3779660304586757,1.5326088307128527,-0.6279103393336283,1
-1.128673311628658,-0.5439557560961163,1.0204644745575298,0.007142411080268785,0.011128586230843347,-0.6389012946056061,0.9624347032347288,2.5203682032011328,1
-1.128673311628658,-0.8711099811817217,0.6781522195262514,1.7999991924008694,-1.4967397560373392,0.6284985598223398,-0.4664772869695933,-0.6279103393336283,0
-0.2469744664395313,-0.6421020236217979,-2.402658075755254,-1.188095443133465,-1.4967397560373392,-0.2115222739264148,-0.22311028133868682,-0.6279103393336283,0
0.6347243787495953,1.451685016926076,0.1646838369793338,0.007142411080268785,0.011128586230843347,-0.8304849935307602,-0.5568707462039301,2.749930180260959,0
-0.5408740815025735,-0.34766322104475317,-1.0334090556301405,0.007142411080268785,0.011128586230843347,-0.8894338239692696,-0.4212805573524249,-0.8902668845448583,0
-1.128673311628658,-0.77296371365604,0.8493083470418905,-1.8521164732522057,-1.4967397560373392,-1.0368059000655425,-0.5742541037489949,-0.977719066281935,0
0.0469251486235109,0.01220642654941269,-0.3487845455675837,0.007142411080268785,0.011128586230843347,0.4074404456779307,-0.24397031039276454,-0.36555379412239813,0
0.9286239938126375,0.9282382567891075,0.5069960920106121,0.007142411080268785,0.011128586230843347,0.4369148608971857,0.7920777992930942,1.8207507493045192,1
-0.2469744664395313,-1.0346870937245243,0.5069960920106121,0.007142411080268785,0.011128586230843347,1.5422054316192313,0.32968048859437227,-1.0651712480190116,0
-1.128673311628658,-0.5766711786046769,0.335839964494973,0.007142411080268785,0.011128586230843347,-2.0389360175201974,0.40964393330166976,-0.5404581575965516,0
-0.8347736965656157,-1.0019716712159636,-0.691096800598862,-0.6568786190384721,0.011128586230843347,-0.44731759568045143,-0.9462579552133804,-1.0651712480190116,0
0.0469251486235109,-0.8711099811817217,-0.691096800598862,0.007142411080268785,0.011128586230843347,-0.034675782610887586,-1.0540347719927816,-0.19064943064824477,1
0.6347243787495953,-0.9692562487074032,-0.8622529281145013,0.40555502915151337,0.011128586230843347,-0.034675782610887586,-1.3182618066777658,1.1211332954079056,0
-0.5408740815025735,0.7973765667548655,0.335839964494973,0.8039676472227579,1.4752905997376293,0.8790310891860039,-0.46995395847860627,-0.36555379412239813,0
-1.128673311628658,-1.5581338538614928,-1.718033565692697,-1.91851857626408,-1.4967397560373392,-0.653638502215233,-0.6785542490193832,-0.977719066281935,0
-0.8347736965656157,-1.2964104737930084,-0.691096800598862,-1.91851857626408,-1.4967397560373392,-1.6262942044506334,-0.17096020870349274,-0.8902668845448583,0
2.398122069127848,-0.9692562487074032,-0.8622529281145013,-1.91851857626408,1.4752905997376293,-0.6831129174344875,1.6056189324021246,0.9462289319337522,1
-0.8347736965656157,-1.1001179387416453,0.5069960920106121,0.007142411080268785,-1.4967397560373392,-0.034675782610887586,-0.34479378415414014,-0.36555379412239813,0
-0.5408740815025735,-0.6421020236217979,1.1916206020731688,0.9367718532465061,-0.5133473589059158,1.9548472446887946,-1.172241603299222,-0.8902668845448583,1
-0.2469744664395313,2.269570579640089,-0.3487845455675837,-1.8521164732522057,0.36077921632201615,-0.19678506631678783,-0.5742541037489949,0.0717071145629853,0
0.0469251486235109,-0.18408610850195048,-0.006472290536305356,-1.91851857626408,-1.4967397560373392,-1.4936593359639876,-0.004079976270871004,0.33406365977421537,0
-1.128673311628658,-0.707532868638919,-0.17762841805194454,-0.39127020699097576,-1.4967397560373392,-0.2115222739264148,0.46179400593686404,-1.0651712480190116,0
-0.8347736965656157,-0.0859398409762689,1.1916206020731688,1.3351844713177508,1.4752905997376293,1.969584452298422,1.1953716943385966,-0.36555379412239813,1
-1.128673311628658,-0.47852491107899525,-1.0334090556301405,-0.524074413014724,0.011128586230843347,-0.8599594087500152,-1.1513815742451443,-0.8902668845448583,0
-1.128673311628658,0.2412143841093364,2.7320257497139213,1.7999991924008694,0.36077921632201615,2.706444832779786,-0.5047206735687357,-0.6279103393336283,1
1.5164232239387219,1.582546706960318,0.1646838369793338,0.27275082312776516,0.011128586230843347,1.7337891305443855,-0.21268026681164798,0.8587767501966755,1
0.6347243787495953,0.5683686091949417,1.0204644745575298,1.0695760592702543,0.011128586230843347,2.706444832779786,-0.5012440020597229,1.4709420223562124,1
0.0469251486235109,-0.6093866011132374,-1.0334090556301405,0.5383592351752615,1.4752905997376293,-1.2136523913810697,1.7446857927626425,-0.01574506717409139,0
-0.5408740815025735,0.01220642654941269,-1.0334090556301405,-1.4537038551809613,-1.4967397560373392,-0.35889435002268755,0.8789945870184179,-0.977719066281935,0
0.0469251486235109,0.9609536792976681,1.5339328571044473,1.2023802652940025,0.011128586230843347,-0.37363155763231504,-0.5916374612940596,0.24661147803713868,0
-0.2469744664395313,-0.18408610850195048,-0.006472290536305356,0.007142411080268785,0.011128586230843347,-1.287338429429206,-0.9636413127584451,-0.8902668845448583,0
-0.8347736965656157,0.07763727156653374,-1.0334090556301405,0.40555502915151337,0.011128586230843347,0.5253381065549485,0.17323027068878938,-1.0651712480190116,0
1.2225236088756797,-0.4130940660618742,0.335839964494973,1.3351844713177508,-1.037823304042675,-0.6389012946056061,0.6112908808244211,-0.19064943064824477,1
-0.2469744664395313,-1.9834343464727797,0.8493083470418905,-0.1256617949434794,0.011128586230843347,0.3190172000201668,-0.7689477082537199,1.1211332954079056,0
-1.128673311628658,-0.9038254036902822,-0.17762841805194454,-0.2584660009672276,-0.9504106465198818,1.6601030924962492,-0.4073738713163733,-1.0651712480190116,0
-0.2469744664395313,-1.067402516233085,0.1646838369793338,-1.7193122672284575,-1.4967397560373392,-0.2704711043649242,0.3018671165222686,0.42151584151129207,0
-0.8347736965656157,-0.6093866011132374,0.6781522195262514,-1.91851857626408,-1.4967397560373392,-1.8915639414239245,0.09326682598149147,-0.977719066281935,0
1.2225236088756797,-1.5581338538614928,-0.17762841805194454,1.4679886773414987,-1.4967397560373392,0.4516520685068121,0.8372745289102625,0.5089680232483688,0
-1.128673311628658,0.3066452291264575,-0.006472290536305356,0.007142411080268785,0.011128586230843347,1.6158914696673676,-0.6750775775103702,-0.6279103393336283,1
-0.5408740815025735,0.20849896160077588,-0.691096800598862,1.7335970893889951,0.011128586230843347,1.1443008261592944,2.2140364464793905,-0.8028147028077817,0
0.3408247636865531,0.5683686091949417,0.6781522195262514,0.8039676472227579,1.4752905997376293,-0.09362461304939648,-0.35870047019019197,-0.715362521070705,1
-1.128673311628658,1.8769855095373629,-1.8891896932083363,0.9367718532465061,1.4752905997376293,0.820082258747494,-0.03189334834297462,-0.977719066281935,1
0.9286239938126375,0.6665148767206233,1.5339328571044473,-0.6568786190384721,1.4752905997376293,-0.2704711043649242,-1.1687649317902091,0.8587767501966755,1
1.2225236088756797,2.105993467097287,1.5339328571044473,0.8039676472227579,1.4752905997376293,0.3337544076297943,-0.1431468366313891,0.33406365977421537,1
1.2225236088756797,-0.053224418467708375,-0.006472290536305356,0.007142411080268785,0.011128586230843347,-0.3294199348034331,-0.9775479987944969,0.42151584151129207,1
0.3408247636865531,1.451685016926076,0.335839964494973,0.007142411080268785,0.011128586230843347,1.9843216599080495,-0.43171057187946377,-0.5404581575965516,1
1.5164232239387219,0.27392980661789695,-0.17762841805194454,0.007142411080268785,0.011128586230843347,0.2895427848009129,0.6530109389325764,1.0336811136708288,1
-0.8347736965656157,-0.8711099811817217,0.8493083470418905,-0.524074413014724,1.4752905997376293,0.4074404456779307,-0.8037144233438495,0.8587767501966755,1
-0.8347736965656157,-0.3149477985361926,0.6781522195262514,1.7999991924008694,0.5356045313676026,0.3779660304586757,-0.8593411674880567,-0.8028147028077817,0
0.3408247636865531,-0.6093866011132374,2.7320257497139213,1.0695760592702543,0.011128586230843347,1.0264031652822767,-0.5533940746949171,2.749930180260959,0
-0.5408740815025735,-0.3803786435533137,0.1646838369793338,0.007142411080268785,-0.07628407129194985,0.024273047827621307,0.8129378283471719,-0.5404581575965516,0
0.0469251486235109,0.04492184905797322,-0.8622529281145013,0.007142411080268785,0.011128586230843347,-0.034675782610887586,-0.8280511239069401,0.15915929630006198,1
-0.5408740815025735,-0.7402482911474795,-1.718033565692697,-1.8521164732522057,-1.4967397560373392,-1.1252291457233057,0.6008608662973821,-1.0651712480190116,0
-0.5408740815025735,-1.263695051284448,-0.6055187368410425,-0.1256617949434794,-1.4967397560373392,0.6727101826512212,0.5730474942252786,-0.8028147028077817,0
-0.5408740815025735,-0.707532868638919,-0.3487845455675837,-0.524074413014724,-1.4967397560373392,0.9232427120148853,-0.48733731602367103,-0.6279103393336283,0
0.6347243787495953,2.367716847165771,0.5069960920106121,0.007142411080268785,0.011128586230843347,-1.287338429429206,-1.1652882602811963,2.2580116579899028,1
1.810322839001764,-0.21680153101051103,2.218557367167004,0.007142411080268785,0.011128586230843347,-1.2136523913810697,1.9393793972673676,0.0717071145629853,0
0.9286239938126375,-1.329125896301569,0.5069960920106121,1.4679886773414987,-1.4967397560373392,2.131693736004322,-0.7063676210914869,0.7713245684595988,0
-0.5408740815025735,-0.053224418467708375,-1.546877438177058,0.007142411080268785,0.011128586230843347,-0.8010105783115058,-0.03189334834297462,-0.5404581575965516,0
0.6347243787495953,-0.5766711786046769,0.1646838369793338,-1.4537038551809613,1.4752905997376293,-0.34415714241306056,0.8963779445634827,0.6838723867225222,1
1.810322839001764,0.01220642654941269,0.5069960920106121,0.27275082312776516,0.011128586230843347,-0.6831129174344875,0.1662769276707635,1.0336811136708288,0
2.6920216841908906,1.026384524314789,1.362776729588808,1.0695760592702543,1.234905791549948,1.2327240718170582,2.4678334666373356,0.5089680232483688,0
1.2225236088756797,-1.198264206267327,-1.4612993744192384,-1.188095443133465,0.011128586230843347,-1.1547035609425607,-1.1409515597181055,0.7713245684595988,0
0.9286239938126375,1.2553924818747129,-1.546877438177058,0.40555502915151337,1.4752905997376293,-0.25573389675529673,0.4305039623557475,0.5089680232483688,1
0.6347243787495953,0.07763727156653374,-0.006472290536305356,0.007142411080268785,0.011128586230843347,-0.6831129174344875,-0.3343637696271013,-0.36555379412239813,1
0.0469251486235109,-1.0346870937245243,-0.006472290536305356,0.007142411080268785,0.011128586230843347,-0.6241640869959786,0.5069907355540324,-0.19064943064824477,0
-1.128673311628658,-0.9365408261988427,-1.0334090556301405,0.007142411080268785,0.011128586230843347,0.4516520685068121,-0.6994142780734609,-0.715362521070705,0
2.6920216841908906,-0.5112403335875558,-0.17762841805194454,0.007142411080268785,0.011128586230843347,0.2895427848009129,-0.7411343361816164,1.6458463858303658,0
-0.5408740815025735,-0.6748174461303584,-1.2045651831457795,0.8039676472227579,-1.4967397560373392,-1.5378709587928696,-1.0748948010468595,-0.977719066281935,0
-0.5408740815025735,0.7973765667548655,-0.17762841805194454,1.2023802652940025,1.4752905997376293,-0.6241640869959786,-0.44214058640650267,-0.36555379412239813,1
2.1042224540648062,-0.34766322104475317,1.0204644745575298,1.4679886773414987,0.011128586230843347,2.146430943613949,1.6021422608931117,1.0336811136708288,1
0.3408247636865531,-0.15137068599338996,1.1916206020731688,0.13994661710401698,-1.4967397560373392,1.0116659576726492,-0.7411343361816164,0.7713245684595988,0
0.6347243787495953,-0.6093866011132374,-0.006472290536305356,0.40555502915151337,1.4752905997376293,0.8053450511378676,-0.48733731602367103,1.9082029310415958,0
-0.8347736965656157,-1.6562801213871743,0.5069960920106121,1.7999991924008694,-1.4967397560373392,0.14217070870464013,-0.14662350814040206,-1.0651712480190116,0
-1.128673311628658,1.3535387494003945,-2.7449703307865323,-0.7896828250622203,-1.4967397560373392,1.2474612794266857,-0.49429065904169694,-0.01574506717409139,0
-0.5408740815025735,-0.5439557560961163,0.25026190073715343,0.007142411080268785,0.011128586230843347,-1.3168128446484604,0.3331571601033852,1.7332985675674424,0
-1.128673311628658,-0.707532868638919,1.362776729588808,1.7999991924008694,-1.3874739341338478,2.146430943613949,1.7307791067265905,-0.19064943064824477,0
-0.2469744664395313,-0.28223237602763207,-1.8891896932083363,-1.91851857626408,-1.4967397560373392,-0.40310597285156946,0.5626174796982397,-0.715362521070705,0
-0.8347736965656157,-0.707532868638919,-0.5199406730832229,-1.8521164732522057,-1.4967397560373392,-1.2726012218195786,0.7016843400587578,-0.6279103393336283,0
-1.128673311628658,-1.0019716712159636,0.6781522195262514,0.007142411080268785,0.011128586230843347,0.024273047827621307,0.47570069197291587,-0.5404581575965516,0
2.398122069127848,-0.5112403335875558,0.6781522195262514,0.007142411080268785,0.011128586230843347,-1.2726012218195786,-1.1374748882090926,0.9462289319337522,0
-0.5408740815025735,-1.6562801213871743,-0.17762841805194454,-0.2584660009672276,0.011128586230843347,-0.6241640869959786,0.4235506193377216,-0.977719066281935,0
0.0469251486235109,0.7319457217377443,-1.2045651831457795,-0.1256617949434794,1.234905791549948,-0.40310597285156946,-0.6159741618571503,0.33406365977421537,0
0.3408247636865531,1.1899616368575918,1.0204644745575298,1.600792883365247,1.4752905997376293,1.0558775805015306,-0.24049363888375158,-0.36555379412239813,1
1.810322839001764,-0.6748174461303584,1.1916206020731688,1.0695760592702543,0.011128586230843347,1.969584452298422,2.3357199492948437,0.42151584151129207,1
0.9286239938126375,1.517115861943197,1.362776729588808,1.7335970893889951,1.4752905997376293,0.8790310891860039,1.1223615926493247,0.5964202049854455,1
-0.2469744664395313,1.582546706960318,-0.691096800598862,1.0695760592702543,1.4752905997376293,0.3337544076297943,-0.3760838277352567,-0.27810161238532144,1
-0.2469744664395313,-0.34766322104475317,1.5339328571044473,-1.91851857626408,-1.4967397560373392,-0.5652152565574697,0.10717351201754328,-0.36555379412239813,0
-1.128673311628658,-0.6748174461303584,-0.691096800598862,-1.5865080612047096,0.011128586230843347,-1.655768619669888,-0.7376576646726034,-1.0651712480190116,0
0.3408247636865531,2.138708889605847,0.335839964494973,-0.2584660009672276,1.4752905997376293,1.6748403001058767,1.9810994553755232,1.7332985675674424,1
1.2225236088756797,0.07763727156653374,0.335839964494973,-0.6568786190384721,1.4752905997376293,-0.5210036337285878,0.7746944417480298,1.6458463858303658,1
-0.8347736965656157,-1.3945567413186901,-1.0334090556301405,1.7335970893889951,-1.4967397560373392,1.6601030924962492,0.7434043981669132,-0.8902668845448583,0
0.6347243787495953,0.40479149665213904,-0.17762841805194454,-0.7896828250622203,0.36077921632201615,0.4663892761164396,0.2705770729411521,-0.36555379412239813,1
-0.8347736965656157,2.3350014246572104,-1.8891896932083363,-1.7193122672284575,1.4752905997376293,-0.9336454467981516,0.6634409534596153,-0.8028147028077817,0
-0.5408740815025735,1.7134083969945604,1.362776729588808,1.0695760592702543,-0.5133473589059158,1.8074751685925219,0.6321509098784988,-0.8028147028077817,1
0.0469251486235109,0.47022234166926014,-0.17762841805194454,0.007142411080268785,0.011128586230843347,-0.15257344348790589,2.4956468387094395,-0.977719066281935,1
-0.5408740815025735,-1.263695051284448,-0.5199406730832229,-0.7896828250622203,-1.4967397560373392,-0.005201367391632614,0.11412685503556919,-0.977719066281935,0
1.810322839001764,-0.6748174461303584,0.335839964494973,1.7999991924008694,1.4752905997376293,0.09795908587575769,-1.0192680569026522,2.6078203849382096,0
-0.2469744664395313,-0.7402482911474795,-1.546877438177058,-1.3208996491572131,-1.4967397560373392,-0.977857069627033,-1.0783714725558724,-0.8028147028077817,0
0.0469251486235109,0.5029377641778207,1.0204644745575298,0.007142411080268785,0.011128586230843347,-0.15257344348790589,-0.7376576646726034,-0.27810161238532144,0
-0.8347736965656157,1.942416354554484,-0.691096800598862,0.13994661710401698,1.4752905997376293,0.2748055771912854,-0.4734306299876192,0.42151584151129207,1
-0.8347736965656157,-0.02050899595914784,0.5069960920106121,1.3351844713177508,-1.4967397560373392,0.9969287500630217,-0.7063676210914869,-0.45300597585947483,0
0.9286239938126375,1.8442700870288025,1.0204644745575298,0.007142411080268785,0.011128586230843347,1.129563618549667,-0.46300061546058036,0.6838723867225222,1
-1.128673311628658,-1.2309796287758874,-0.691096800598862,-0.9224870310859685,-1.4967397560373392,0.5253381065549485,0.2810070874681909,-1.0651712480190116,0
2.398122069127848,-1.1001179387416453,0.1646838369793338,1.4679886773414987,-1.4967397560373392,0.4516520685068121,-0.2995970545369718,1.296037658882059,0
-0.5408740815025735,0.27392980661789695,2.047401239651365,0.007142411080268785,0.011128586230843347,-1.4199732979158513,-0.6820309205283962,-1.0651712480190116,0
-0.5408740815025735,0.01220642654941269,0.335839964494973,-0.2584660009672276,1.4752905997376293,0.540075314164576,0.06545345390938785,-0.6279103393336283,0
-1.128673311628658,0.2412143841093364,0.6781522195262514,0.007142411080268785,0.011128586230843347,-0.15257344348790589,0.8303211858922367,-0.36555379412239813,0
1.2225236088756797,-0.8711099811817217,-0.006472290536305356,0.007142411080268785,0.011128586230843347,0.6727101826512212,0.07240679692741375,2.083107294515749,0
-0.5408740815025735,-1.0019716712159636,-0.8622529281145013,0.007142411080268785,0.011128586230843347,-0.7273245402633695,0.21147365728793185,-0.977719066281935,0
-1.128673311628658,-2.114296036507022,-1.0334090556301405,0.007142411080268785,0.011128586230843347,-1.552608166402497,0.9415746741806511,2.749930180260959,0
-0.5408740815025735,-1.329125896301569,-0.006472290536305356,-1.8521164732522057,-1.4967397560373392,-0.31468272719380563,0.28796043048621683,-0.715362521070705,0
2.6920216841908906,0.14306811658365481,1.5339328571044473,0.007142411080268785,0.011128586230843347,1.6453658848866217,0.41312060481068275,0.7713245684595988,1
0.9286239938126375,0.47022234166926014,1.5339328571044473,0.007142411080268785,0.011128586230843347,-0.34415714241306056,-0.8836778680511475,1.4709420223562124,0
0.9286239938126375,-0.9038254036902822,-0.691096800598862,-0.524074413014724,-1.4967397560373392,0.1569079163142666,0.95200468870769,0.6838723867225222,0
1.5164232239387219,-0.3149477985361926,0.8493083470418905,0.40555502915151337,1.4752905997376293,0.2895427848009129,-0.7098442926004997,0.24661147803713868,1
-1.128673311628658,0.5356531866863812,-0.006472290536305356,0.007142411080268785,0.011128586230843347,0.5990241446030848,1.6299556329652154,-0.715362521070705,1
0.6347243787495953,-0.5439557560961163,-0.17762841805194454,0.40555502915151337,-1.4967397560373392,-0.2115222739264148,-1.1896249608442868,0.33406365977421537,0
0.0469251486235109,1.1245307918404708,0.25026190073715343,0.007142411080268785,0.011128586230843347,2.367489057758358,-0.7863310657987848,-0.10319724891116808,1
1.2225236088756797,-0.11865526348482944,-0.006472290536305356,-1.3208996491572131,0.011128586230843347,-1.346287259867715,2.6112461663841207,1.1211332954079056,0
-1.128673311628658,-0.5439557560961163,1.5339328571044473,0.007142411080268785,0.011128586230843347,-0.38836876524194197,-0.9288745976683156,1.1211332954079056,0
-0.2469744664395313,2.138708889605847,-0.17762841805194454,-0.9224870310859685,1.4752905997376293,0.6137613522127123,-0.19529690926658339,0.24661147803713868,1
0.3408247636865531,0.6992302992291838,0.5069960920106121,0.007142411080268785,0.011128586230843347,1.8811612066406582,-0.9532112982314063,1.2085854771449822,0
0.9286239938126375,0.3720760741435785,1.362776729588808,-1.8521164732522057,1.4752905997376293,0.024273047827621307,-0.7028909495824739,0.33406365977421537,0
-1.128673311628658,-0.28223237602763207,0.6781522195262514,-1.7193122672284575,0.011128586230843347,-0.18204785870716034,1.4248320139334512,-1.0651712480190116,0
-0.5408740815025735,-0.11865526348482944,0.6781522195262514,0.007142411080268785,0.011128586230843347,1.5716798468384852,0.7955544708021072,-1.0651712480190116,1
1.2225236088756797,1.0918153693319101,-0.8622529281145013,-0.39127020699097576,1.4752905997376293,0.2600683695816579,0.274053744450165,1.1211332954079056,1
-0.2469744664395313,0.27392980661789695,0.5069960920106121,-0.7896828250622203,-1.4967397560373392,-0.5652152565574697,-0.49081398753268396,0.0717071145629853,1
1.810322839001764,0.2412143841093364,0.335839964494973,-0.1256617949434794,-0.3385220438603294,0.540075314164576,-0.6403108624202407,0.5089680232483688,0
-0.2469744664395313,-0.47852491107899525,-0.8622529281145013,-1.91851857626408,-1.4967397560373392,-1.37576167508697,0.7434043981669132,-0.8902668845448583,1
1.5164232239387219,0.40479149665213904,0.1646838369793338,0.5383592351752615,-1.4967397560373392,-0.9336454467981516,-0.014509990797909862,2.749930180260959,0
-1.128673311628658,0.14306811658365481,1.1916206020731688,-0.2584660009672276,-0.5133473589059158,-0.7125873326537425,0.17670694219780234,-1.0651712480190116,0
-0.5408740815025735,0.2412143841093364,1.0204644745575298,0.007142411080268785,0.011128586230843347,-0.6241640869959786,-0.6264041763841891,-0.5404581575965516,0
1.810322839001764,-1.754426388912856,2.7320257497139213,-0.7896828250622203,-1.4967397560373392,0.48112648372606703,-0.6229275048751761,1.2085854771449822,0
0.6347243787495953,0.2412143841093364,1.5339328571044473,-1.91851857626408,1.4752905997376293,-1.8620895262046695,0.40964393330166976,2.345463839726979,0
-1.128673311628658,0.5356531866863812,-1.0334090556301405,0.8039676472227579,1.4752905997376293,0.3484916152394218,0.24276370086904844,-1.0651712480190116,1
-1.128673311628658,1.8115546645202418,-1.0334090556301405,0.007142411080268785,1.4752905997376293,0.3484916152394218,2.1132129727180153,-1.0651712480190116,1
-1.128673311628658,-0.6748174461303584,-0.8622529281145013,0.007142411080268785,0.011128586230843347,-1.5231337511832426,-0.4456172579155156,-0.715362521070705,0
0.6347243787495953,1.320823326891834,-0.8622529281145013,0.007142411080268785,0.011128586230843347,-1.1694407685521877,-0.9949313563395618,1.4709420223562124,1
1.2225236088756797,0.6992302992291838,-0.5199406730832229,0.007142411080268785,0.011128586230843347,0.3927032380683032,-1.1652882602811963,0.6838723867225222,1
0.9286239938126375,-0.24951695351907155,-0.5199406730832229,0.007142411080268785,0.011128586230843347,0.0832218782661302,-0.7167976356185257,0.7713245684595988,1
-1.128673311628658,-0.053224418467708375,0.1646838369793338,-1.4537038551809613,-1.4967397560373392,-0.25573389675529673,-0.6229275048751761,-0.6279103393336283,0
0.0469251486235109,-0.7402482911474795,0.335839964494973,-1.8521164732522057,-1.4967397560373392,-1.3315500522580879,-0.838481138433979,-1.0651712480190116,0
0.9286239938126375,1.2226770593661522,-0.5199406730832229,0.007142411080268785,0.011128586230843347,-0.2704711043649242,-0.282213696991907,0.24661147803713868,1
-0.5408740815025735,-0.8711099811817217,-1.546877438177058,-1.91851857626408,-1.4967397560373392,-0.9041710315788967,0.9867714037978195,-0.977719066281935,0
-0.8347736965656157,0.9609536792976681,-1.0334090556301405,0.007142411080268785,0.011128586230843347,-0.9041710315788967,-0.9914546848305488,-0.977719066281935,0
-1.128673311628658,0.20849896160077588,-0.3487845455675837,-1.3208996491572131,1.4752905997376293,-0.25573389675529673,2.6112461663841207,-0.715362521070705,1
0.6347243787495953,0.9609536792976681,-0.8622529281145013,0.27275082312776516,-0.5133473589059158,0.48112648372606703,0.7920777992930942,-0.45300597585947483,0
0.0469251486235109,1.0590999468233497,-0.8622529281145013,0.27275082312776516,1.4752905997376293,0.0832218782661302,-0.7898077373077977,-0.8902668845448583,0
-0.8347736965656157,-0.7402482911474795,-0.006472290536305356,0.13994661710401698,-1.4967397560373392,0.9379799196245128,-0.18139022323053158,-1.0651712480190116,0
-1.128673311628658,-0.15137068599338996,-0.006472290536305356,0.007142411080268785,0.011128586230843347,0.23059395436240296,1.6264789614562023,0.9462289319337522,0
-0.2469744664395313,-0.053224418467708375,-0.17762841805194454,0.13994661710401698,0.7978425039359821,1.5716798468384852,-0.04232336287001348,-0.27810161238532144,0
-0.5408740815025735,-1.754426388912856,-0.17762841805194454,0.40555502915151337,-1.4967397560373392,-1.0662803152847968,-0.9636413127584451,-0.715362521070705,0
-0.8347736965656157,-0.707532868638919,-0.006472290536305356,-1.91851857626408,-1.4967397560373392,-1.022068692455915,0.6738709679866541,-0.45300597585947483,0
-1.128673311628658,-0.6748174461303584,-0.6055187368410425,-0.1256617949434794,0.011128586230843347,-1.1252291457233057,-0.7898077373077977,-0.977719066281935,0
-0.8347736965656157,0.01220642654941269,1.5339328571044473,1.7999991924008694,1.4752905997376293,2.5738099642931407,-0.48386064451465804,-0.19064943064824477,1
-0.8347736965656157,2.5312939597085737,0.335839964494973,1.7999991924008694,0.011128586230843347,1.5716798468384852,2.6112461663841207,-0.977719066281935,1
0.3408247636865531,-2.5395965291183087,-0.8622529281145013,0.007142411080268785,0.011128586230843347,-1.0662803152847968,0.4270272908467345,0.24661147803713868,0
0.6347243787495953,2.007847199571605,1.8762451121357255,0.007142411080268785,0.011128586230843347,1.2621984870363123,2.6112461663841207,1.0336811136708288,0
-0.5408740815025735,0.07763727156653374,-0.3487845455675837,-0.1256617949434794,1.4752905997376293,0.09795908587575769,1.428308685442464,-0.27810161238532144,1
-0.8347736965656157,-1.329125896301569,0.1646838369793338,1.600792883365247,-1.4967397560373392,2.0727449055658123,2.196653088934326,-0.10319724891116808,0
-0.5408740815025735,-0.7402482911474795,-0.006472290536305356,0.007142411080268785,0.011128586230843347,-1.4789221283543608,-1.2382983619704682,-0.8902668845448583,0
1.2225236088756797,-1.8525726564385376,-0.006472290536305356,-0.7896828250622203,0.011128586230843347,-0.034675782610887586,0.47222402046390294,0.7713245684595988,0
-1.128673311628658,-0.6421020236217979,0.5069960920106121,1.4679886773414987,-1.4967397560373392,0.3337544076297943,-0.7863310657987848,-0.8028147028077817,0
-0.8347736965656157,0.5683686091949417,-2.2315019482396146,-1.3208996491572131,-1.4967397560373392,-0.5210036337285878,0.6599642819506023,-0.977719066281935,0
-0.2469744664395313,-1.2309796287758874,-0.3487845455675837,0.13994661710401698,-1.4967397560373392,-0.04941299022051507,0.44093397688278635,-0.715362521070705,0
-1.128673311628658,0.17578353909221534,0.6781522195262514,1.0695760592702543,1.4752905997376293,0.5990241446030848,1.1814650083025449,-0.8902668845448583,0
-1.128673311628658,-0.34766322104475317,-0.6055187368410425,0.007142411080268785,0.011128586230843347,-1.1252291457233057,0.6808243110046801,-0.19064943064824477,0
1.5164232239387219,0.7646611442463049,0.6781522195262514,1.7999991924008694,0.36077921632201615,0.8348194663571215,0.6008608662973821,0.5964202049854455,1
1.2225236088756797,0.3720760741435785,-0.006472290536305356,0.007142411080268785,0.011128586230843347,0.09795908587575769,-0.6750775775103702,0.5089680232483688,1
0.6347243787495953,-0.24951695351907155,-0.006472290536305356,0.007142411080268785,0.011128586230843347,0.024273047827621307,-0.9566879697404193,-0.6279103393336283,0
0.0469251486235109,-1.0019716712159636,-0.17762841805194454,0.40555502915151337,-1.4967397560373392,0.12743350109501267,-0.0631833919240912,-0.977719066281935,0
-0.8347736965656157,-1.3618413188101295,-1.4612993744192384,0.007142411080268785,0.011128586230843347,-1.9357755642528058,-0.7167976356185257,-1.0651712480190116,0
-0.8347736965656157,1.6806929744859997,0.1646838369793338,0.007142411080268785,0.011128586230843347,0.6727101826512212,-1.3078317921507272,0.42151584151129207,1
0.0469251486235109,0.7646611442463049,0.8493083470418905,-1.4537038551809613,0.011128586230843347,0.03901025543724879,-0.7967610803258236,2.749930180260959,1
0.0469251486235109,0.339360651635018,1.1916206020731688,0.27275082312776516,0.011128586230843347,-0.6241640869959786,-0.1570535226674409,2.6078203849382096,0
0.3408247636865531,0.47022234166926014,0.8493083470418905,0.007142411080268785,0.011128586230843347,0.024273047827621307,0.6112908808244211,2.749930180260959,0
-0.5408740815025735,-0.44580948857043473,-0.691096800598862,0.007142411080268785,0.011128586230843347,-0.2115222739264148,-1.0644647865198205,-1.0651712480190116,0
-0.8347736965656157,1.9097009320459235,-0.006472290536305356,0.007142411080268785,0.011128586230843347,1.6306286772769942,-0.6333575194022151,0.6838723867225222,1
1.810322839001764,-1.0346870937245243,1.1060425383153494,0.40555502915151337,0.011128586230843347,0.3927032380683032,1.2544751099918166,1.9956551127786726,1
1.5164232239387219,0.07763727156653374,-0.17762841805194454,0.5383592351752615,1.4752905997376293,0.4663892761164396,-0.6333575194022151,0.0717071145629853,0
-1.128673311628658,-1.7871418114214164,0.335839964494973,0.007142411080268785,0.011128586230843347,1.9253728294695396,-0.9393046121953544,1.1211332954079056,0
-0.8347736965656157,-0.28223237602763207,-0.691096800598862,0.8039676472227579,0.011128586230843347,0.20111953914314903,0.274053744450165,-1.0651712480190116,1
-0.2469744664395313,2.3350014246572104,-0.17762841805194454,0.27275082312776516,0.011128586230843347,0.3927032380683032,-0.7759010512717459,-0.715362521070705,1
2.6920216841908906,-0.5766711786046769,-0.006472290536305356,0.007142411080268785,0.011128586230843347,-0.15257344348790589,0.002873366747154901,0.42151584151129207,1
-0.5408740815025735,-0.44580948857043473,-0.8622529281145013,0.40555502915151337,-1.4967397560373392,-1.0368059000655425,-1.1687649317902091,-1.0651712480190116,0
0.3408247636865531,1.517115861943197,-0.691096800598862,0.007142411080268785,0.011128586230843347,0.09795908587575769,-1.1444282312271186,0.6838723867225222,1
-0.2469744664395313,-0.8383945586731611,0.5069960920106121,1.3351844713177508,0.011128586230843347,0.7463962206993576,-0.7863310657987848,0.5964202049854455,0
-1.128673311628658,-0.5439557560961163,-0.691096800598862,1.600792883365247,1.4097311065955345,1.3653589403037036,-1.0123147138846265,-0.977719066281935,0
-1.128673311628658,-0.0859398409762689,-0.006472290536305356,0.007142411080268785,0.011128586230843347,0.024273047827621307,-1.1235682021730407,-0.8028147028077817,1
-0.8347736965656157,-0.11865526348482944,-1.2045651831457795,0.9367718532465061,-1.4967397560373392,0.1569079163142666,-0.7063676210914869,-0.8902668845448583,0
1.5164232239387219,-0.3149477985361926,0.8493083470418905,-0.6568786190384721,0.011128586230843347,-0.5946896717767242,2.6112461663841207,1.4709420223562124,1
0.6347243787495953,-0.6421020236217979,1.5339328571044473,1.3351844713177508,0.011128586230843347,0.510600898945322,0.7294977121308615,-0.45300597585947483,0
-0.2469744664395313,1.6806929744859997,1.0204644745575298,0.5383592351752615,1.4752905997376293,0.510600898945322,-0.7167976356185257,-0.977719066281935,1
0.3408247636865531,-1.4599875863358112,0.8493083470418905,1.600792883365247,-1.4967397560373392,0.5253381065549485,-1.0714181295378464,0.15915929630006198,0
0.6347243787495953,-0.77296371365604,-1.2045651831457795,0.5383592351752615,1.4752905997376293,0.2600683695816579,-0.11881013606829843,0.8587767501966755,0
2.8389714917224116,1.7461238195031208,-0.8622529281145013,0.13994661710401698,0.011128586230843347,0.20111953914314903,-0.8767245250331215,0.42151584151129207,1
-0.5408740815025735,-1.198264206267327,-0.6055187368410425,0.007142411080268785,0.011128586230843347,1.0853519957207856,1.6195256184381766,-0.5404581575965516,0
-0.8347736965656157,0.5356531866863812,0.8493083470418905,0.007142411080268785,0.011128586230843347,1.159038033768922,-0.7932844088168106,-0.45300597585947483,0
-1.128673311628658,2.2041397346229683,2.7320257497139213,-0.524074413014724,0.011128586230843347,0.3042799924105393,-0.10142677852323367,0.6838723867225222,1
-0.8347736965656157,-0.18408610850195048,-0.17762841805194454,-0.1256617949434794,0.011128586230843347,-0.7125873326537425,-0.9045378971052251,-1.0651712480190116,0
-0.8347736965656157,-1.0346870937245243,-0.3487845455675837,-1.91851857626408,0.011128586230843347,-1.1399663533329332,2.3426732923128695,0.24661147803713868,0
-0.5408740815025735,-1.754426388912856,-0.8622529281145013,-1.91851857626408,-1.4967397560373392,-1.7884034881565332,-0.7202743071275387,-0.8902668845448583,0
-0.8347736965656157,-1.0346870937245243,-0.8622529281145013,-1.91851857626408,-1.4967397560373392,-0.742061747872997,0.40269059028364385,-0.8028147028077817,0
-0.5408740815025735,0.5683686091949417,0.25026190073715343,0.007142411080268785,0.011128586230843347,-0.977857069627033,-1.033174742938704,-0.36555379412239813,0
-1.128673311628658,0.07763727156653374,-0.17762841805194454,-1.188095443133465,0.011128586230843347,-0.7125873326537425,-0.7307043216545775,0.24661147803713868,1
1.5164232239387219,-1.0019716712159636,-0.3487845455675837,0.007142411080268785,0.011128586230843347,-1.1841779761618152,-0.9184445831412767,2.170559476252826,0
0.3408247636865531,-1.4272721638272508,-2.0603458207239753,0.007142411080268785,0.011128586230843347,0.21585674675277652,0.6599642819506023,-0.715362521070705,0
-0.5408740815025735,-0.77296371365604,-1.0334090556301405,-1.5865080612047096,-0.5133473589059158,0.3632288228490493,-0.9253979261593026,-0.977719066281935,0
-1.128673311628658,0.04492184905797322,-0.006472290536305356,0.007142411080268785,0.011128586230843347,0.5990241446030848,-0.7167976356185257,1.6458463858303658,1
-1.128673311628658,-0.6748174461303584,0.335839964494973,0.007142411080268785,0.011128586230843347,0.510600898945322,-0.9253979261593026,-0.6279103393336283,0
-0.2469744664395313,-0.18408610850195048,0.1646838369793338,-1.8521164732522057,-1.4967397560373392,-0.8746966163596421,-1.241775033479481,-0.8028147028077817,0
0.3408247636865531,0.04492184905797322,0.1646838369793338,1.4679886773414987,-1.4967397560373392,0.2748055771912854,-0.6785542490193832,-0.45300597585947483,0
-1.128673311628658,-0.28223237602763207,0.335839964494973,0.007142411080268785,0.011128586230843347,0.1569079163142666,-0.6472642054382667,-0.8902668845448583,1
-0.8347736965656157,0.6010840317035022,0.1646838369793338,-0.39127020699097576,1.4752905997376293,-1.1989151837714422,1.2649051245188554,-0.8902668845448583,0
-1.128673311628658,-1.1655487837587664,-0.3487845455675837,0.40555502915151337,0.011128586230843347,0.5253381065549485,-0.7863310657987848,-0.715362521070705,0
1.2225236088756797,-0.44580948857043473,-0.17762841805194454,0.007142411080268785,0.011128586230843347,-0.25573389675529673,1.7064424061635,-0.01574506717409139,1
0.6347243787495953,2.400432269674331,-0.17762841805194454,0.007142411080268785,0.011128586230843347,-0.19678506631678783,-0.4734306299876192,-0.19064943064824477,1
-0.5408740815025735,0.2412143841093364,0.1646838369793338,-0.39127020699097576,1.4752905997376293,0.14217070870464013,0.44093397688278635,-0.715362521070705,0
0.9286239938126375,-0.5112403335875558,1.7050889846200865,-1.4537038551809613,0.011128586230843347,-1.4052360903062242,-0.7967610803258236,1.296037658882059,0
-0.5408740815025735,-0.7402482911474795,-0.17762841805194454,-1.7193122672284575,-1.4967397560373392,-1.7441918653276518,-0.7967610803258236,-0.5404581575965516,0
-0.5408740815025735,-0.9038254036902822,0.335839964494973,-1.4537038551809613,-1.4967397560373392,-0.09362461304939648,0.6425809244055376,-0.8902668845448583,0
0.6347243787495953,0.11035269407509428,-0.3487845455675837,0.13994661710401698,-0.5133473589059158,-0.3294199348034331,-0.0006033047618580516,-0.10319724891116808,0
-0.2469744664395313,0.339360651635018,0.6781522195262514,0.007142411080268785,0.011128586230843347,0.3190172000201668,-0.2161569383206609,0.9462289319337522,1
-0.2469744664395313,1.9751317770630445,0.1646838369793338,0.007142411080268785,0.011128586230843347,-0.25573389675529673,-0.41432721433439923,-0.36555379412239813,1
-1.128673311628658,0.9936691018062286,0.8493083470418905,1.3351844713177508,1.4752905997376293,1.3653589403037036,-0.6750775775103702,-0.5404581575965516,0
-1.128673311628658,0.339360651635018,0.5069960920106121,0.007142411080268785,0.011128586230843347,0.024273047827621307,-0.2474469819017775,-1.0651712480190116,0
0.3408247636865531,0.830091989263426,0.25026190073715343,0.007142411080268785,0.011128586230843347,-0.34415714241306056,-0.10490345003224663,-0.45300597585947483,0
2.398122069127848,0.6010840317035022,0.8493083470418905,1.7999991924008694,1.4752905997376293,1.0264031652822767,0.22190367181497073,2.170559476252826,1
-0.8347736965656157,0.6992302992291838,0.1646838369793338,-0.9224870310859685,-1.4967397560373392,-0.8894338239692696,-0.7237509786365516,-1.0651712480190116,0
-0.2469744664395313,-0.7402482911474795,0.6781522195262514,-1.91851857626408,-1.4967397560373392,-1.9063011490335515,-0.6264041763841891,-0.27810161238532144,0
-1.128673311628658,-0.4130940660618742,1.362776729588808,0.13994661710401698,0.011128586230843347,0.03901025543724879,1.358775255262205,0.42151584151129207,1
0.3408247636865531,-0.4130940660618742,-0.8622529281145013,1.600792883365247,0.27336655879922295,0.5253381065549485,0.17323027068878938,-0.715362521070705,1
1.5164232239387219,0.04492184905797322,-0.17762841805194454,1.7999991924008694,-1.4967397560373392,0.12743350109501267,-0.3135037405730236,0.5964202049854455,0
0.9286239938126375,-0.4130940660618742,0.6781522195262514,0.27275082312776516,0.011128586230843347,0.540075314164576,2.3044299057137274,0.8587767501966755,1
1.5164232239387219,2.0405626220801656,1.1060425383153494,-1.8521164732522057,0.011128586230843347,-0.3294199348034331,2.6034236554888412,1.3834898406191356,1
-1.128673311628658,0.5029377641778207,-0.3487845455675837,-1.91851857626408,1.4752905997376293,-1.0957547305040514,-1.116614859155015,-1.0651712480190116,0
-0.5408740815025735,-0.8383945586731611,-0.3487845455675837,-1.91851857626408,-1.4967397560373392,-1.6410314120602605,0.6356275813875117,-0.6279103393336283,0
-0.8347736965656157,0.43750691916069956,-1.546877438177058,0.007142411080268785,0.011128586230843347,-0.8157477859211333,0.7746944417480298,2.5203682032011328,0
-0.8347736965656157,0.11035269407509428,-0.17762841805194454,-0.6568786190384721,-1.3874739341338478,-1.1694407685521877,-0.8454344814520048,-0.715362521070705,0
0.3408247636865531,0.01220642654941269,1.1916206020731688,0.007142411080268785,0.011128586230843347,0.3632288228490493,-0.6055441473301114,-0.01574506717409139,0
-0.5408740815025735,-1.5254184313529322,-0.691096800598862,-0.6568786190384721,-1.4967397560373392,-0.37363155763231504,-0.3274104266090754,-0.01574506717409139,0
-1.128673311628658,-0.8056791361646005,-0.691096800598862,0.9367718532465061,-1.4967397560373392,0.6727101826512212,0.47222402046390294,-0.715362521070705,0
-0.8347736965656157,0.14306811658365481,-1.3757213106614188,0.007142411080268785,1.4752905997376293,-0.5210036337285878,1.171034993775506,-1.0651712480190116,0
0.6347243787495953,-0.4130940660618742,-1.0334090556301405,-0.2584660009672276,0.011128586230843347,-1.0662803152847968,-0.8975845540871993,-0.5404581575965516,0
1.810322839001764,0.8628074117719865,1.0204644745575298,1.7999991924008694,1.4752905997376293,0.7906078435282401,1.8663692955780953,1.558394204093289,1
0.0469251486235109,0.17578353909221534,1.362776729588808,-1.91851857626408,1.4752905997376293,0.3337544076297943,0.465270677445877,-0.45300597585947483,0
-1.128673311628658,0.40479149665213904,-1.2045651831457795,-1.188095443133465,1.4752905997376293,-0.8599594087500152,-0.38999051377130856,-1.0651712480190116,0
0.0469251486235109,-1.263695051284448,1.1916206020731688,-1.3208996491572131,0.011128586230843347,-0.43258038807082394,-0.5116740165867617,0.0717071145629853,0
0.0469251486235109,-0.9692562487074032,0.6781522195262514,0.007142411080268785,0.011128586230843347,1.468519393571095,-0.7898077373077977,-0.36555379412239813,0
0.6347243787495953,-0.9365408261988427,-1.8891896932083363,0.13994661710401698,-1.4967397560373392,-0.5210036337285878,-0.3760838277352567,-0.8902668845448583,0
-0.8347736965656157,-0.18408610850195048,0.5069960920106121,0.007142411080268785,1.4752905997376293,0.569549729383831,0.11065018352655624,-0.715362521070705,0
-0.2469744664395313,-1.4272721638272508,-0.17762841805194454,0.007142411080268785,0.011128586230843347,0.03901025543724879,-0.6750775775103702,0.5089680232483688,0
0.3408247636865531,-0.7402482911474795,0.1646838369793338,-0.2584660009672276,0.011128586230843347,-0.47679201089970585,-0.9080145686142379,-0.10319724891116808,0
-0.8347736965656157,0.27392980661789695,-1.0334090556301405,-0.7896828250622203,1.4752905997376293,-0.5357408413382148,0.7920777992930942,-1.0651712480190116,0
-0.5408740815025735,1.0918153693319101,0.1646838369793338,-1.5865080612047096,-1.4967397560373392,-0.8304849935307602,-0.10838012154125957,-0.5404581575965516,1
0.0469251486235109,-0.15137068599338996,-0.691096800598862,-0.2584660009672276,-0.5133473589059158,0.14217070870464013,-0.8141444378708883,-0.8028147028077817,0
0.0469251486235109,-1.2309796287758874,1.5339328571044473,-0.7896828250622203,-1.4967397560373392,1.070614788111158,-1.0609881150108076,-0.715362521070705,0
-1.128673311628658,0.3066452291264575,1.362776729588808,0.007142411080268785,0.011128586230843347,-0.09362461304939648,0.9693880462527548,-0.10319724891116808,1
-0.2469744664395313,0.9282382567891075,0.335839964494973,0.007142411080268785,0.011128586230843347,-1.655768619669888,-0.8941078825781863,0.33406365977421537,0
0.9286239938126375,-1.263695051284448,0.5069960920106121,-0.39127020699097576,-1.4967397560373392,-0.43258038807082394,1.0528281624690656,0.24661147803713868,0
0.6347243787495953,2.236855157131529,1.7050889846200865,0.007142411080268785,0.011128586230843347,0.48112648372606703,-0.6472642054382667,2.749930180260959,1
1.5164232239387219,0.01220642654941269,-1.3757213106614188,0.007142411080268785,0.011128586230843347,0.1569079163142666,2.259233176096559,-0.01574506717409139,1
-1.128673311628658,1.942416354554484,1.362776729588808,1.7999991924008694,1.4752905997376293,1.6306286772769942,-0.8419578099429919,-0.6279103393336283,1
1.2225236088756797,-0.3149477985361926,-0.006472290536305356,0.007142411080268785,0.011128586230843347,-1.2726012218195786,1.3066251826270108,2.170559476252826,0
1.2225236088756797,2.367716847165771,0.6781522195262514,0.007142411080268785,0.011128586230843347,-0.9041710315788967,0.3018671165222686,2.749930180260959,0
0.6347243787495953,-1.198264206267327,0.5069960920106121,0.007142411080268785,0.011128586230843347,-0.15257344348790589,-0.28569036850091994,0.7713245684595988,0
0.6347243787495953,0.04492184905797322,-0.006472290536305356,1.7999991924008694,1.4752905997376293,0.20111953914314903,0.9346213311626252,0.0717071145629853,0
2.8389714917224116,0.47022234166926014,-0.17762841805194454,0.40555502915151337,-1.3874739341338478,0.7169218054801036,-1.0818481440648853,0.8587767501966755,1
1.2225236088756797,-0.053224418467708375,1.1916206020731688,0.007142411080268785,0.011128586230843347,-0.5652152565574697,-0.7133209641095127,-0.977719066281935,1
0.6347243787495953,1.0590999468233497,0.1646838369793338,0.40555502915151337,1.4752905997376293,-0.43258038807082394,1.303148511117998,0.5089680232483688,0
-0.2469744664395313,-0.3149477985361926,0.1646838369793338,0.13994661710401698,0.011128586230843347,-0.09362461304939648,-0.9288745976683156,-0.715362521070705,1
-0.5408740815025735,-0.707532868638919,-0.17762841805194454,1.7999991924008694,-1.4967397560373392,1.2179868642074307,0.7399277266579003,-0.715362521070705,0
0.0469251486235109,1.0590999468233497,-0.006472290536305356,0.007142411080268785,0.011128586230843347,-0.1378362358782784,-0.4386639148974897,0.33406365977421537,0
0.9286239938126375,1.8769855095373629,1.9618231758935452,0.27275082312776516,0.011128586230843347,0.2895427848009129,-1.0436047574657428,2.345463839726979,0
0.6347243787495953,-0.8383945586731611,-0.006472290536305356,0.007142411080268785,0.011128586230843347,-1.2578640142099515,-0.9532112982314063,-0.45300597585947483,0
-0.8347736965656157,1.942416354554484,0.5069960920106121,1.7335970893889951,1.4752905997376293,1.1443008261592944,2.6112461663841207,-0.977719066281935,1
1.2225236088756797,-1.0019716712159636,0.8493083470418905,0.007142411080268785,0.011128586230843347,0.4958636913356945,0.4270272908467345,2.749930180260959,0
-0.8347736965656157,0.14306811658365481,-1.0334090556301405,0.007142411080268785,0.011128586230843347,-0.31468272719380563,-0.4004205282983474,1.2085854771449822,1
0.9286239938126375,2.138708889605847,-1.8891896932083363,0.5383592351752615,1.4752905997376293,0.24533116197203045,1.2579517815008294,0.0717071145629853,1
0.0469251486235109,2.007847199571605,-0.5199406730832229,0.007142411080268785,1.4752905997376293,2.706444832779786,0.6599642819506023,0.5964202049854455,0
-0.5408740815025735,-1.2309796287758874,-1.8891896932083363,-0.7896828250622203,-1.4967397560373392,-0.2704711043649242,1.7516391357806682,-1.0651712480190116,0
0.9286239938126375,2.400432269674331,-0.17762841805194454,0.5383592351752615,1.4752905997376293,-1.0515431076751693,-1.0470814289747559,1.9082029310415958,1
-0.8347736965656157,-1.0346870937245243,-0.8622529281145013,-1.4537038551809613,-1.4967397560373392,-1.0515431076751693,2.6112461663841207,-0.715362521070705,0
1.5164232239387219,-1.067402516233085,-0.8622529281145013,0.007142411080268785,0.011128586230843347,-1.4347105055254787,-1.1200915306640278,-0.01574506717409139,0
-0.8347736965656157,-1.263695051284448,-0.3487845455675837,0.007142411080268785,0.011128586230843347,-2.068410432739452,0.5556641366802137,-0.5404581575965516,0
-0.8347736965656157,-0.15137068599338996,1.362776729588808,-0.6568786190384721,1.4752905997376293,0.3337544076297943,-0.21268026681164798,0.5964202049854455,1
-0.8347736965656157,-0.15137068599338996,0.1646838369793338,-1.188095443133465,-1.4967397560373392,-0.6683757098248605,-0.5742541037489949,-1.0651712480190116,0
0.0469251486235109,0.7319457217377443,0.8493083470418905,0.40555502915151337,0.011128586230843347,0.9232427120148853,0.3122971310493075,0.33406365977421537,1
1.810322839001764,-0.9692562487074032,-0.8622529281145013,0.007142411080268785,0.011128586230843347,-0.9336454467981516,-1.033174742938704,-0.19064943064824477,0
-0.2469744664395313,-1.329125896301569,1.1916206020731688,-1.7193122672284575,-1.4967397560373392,-0.697850125044115,-0.5499174031859042,-0.977719066281935,0
0.0469251486235109,0.20849896160077588,-0.17762841805194454,0.007142411080268785,0.011128586230843347,0.3042799924105393,-0.560347417712943,-0.8028147028077817,0
-1.128673311628658,1.2881079043832733,-1.8891896932083363,0.007142411080268785,0.011128586230843347,-1.5231337511832426,-0.7307043216545775,2.749930180260959,0
1.2225236088756797,-0.3803786435533137,0.335839964494973,0.007142411080268785,0.011128586230843347,-0.653638502215233,-0.7898077373077977,2.170559476252826,0
1.2225236088756797,-0.707532868638919,0.1646838369793338,1.4679886773414987,1.4752905997376293,1.0558775805015306,0.684300982513693,0.8587767501966755,1
-0.2469744664395313,0.6665148767206233,0.6781522195262514,-1.8521164732522057,0.011128586230843347,0.024273047827621307,-0.9184445831412767,2.6078203849382096,0
0.3408247636865531,0.20849896160077588,0.6781522195262514,0.007142411080268785,0.011128586230843347,0.3484916152394218,-1.1131381876460018,1.0336811136708288,0
-0.8347736965656157,0.830091989263426,1.8762451121357255,1.600792883365247,0.011128586230843347,2.5148611338546307,-0.3691304847172308,-0.5404581575965516,1
-0.5408740815025735,-1.329125896301569,-1.0334090556301405,-0.9224870310859685,0.011128586230843347,-0.6683757098248605,-0.6055441473301114,-0.715362521070705,0
-0.2469744664395313,1.6806929744859997,0.5069960920106121,1.3351844713177508,1.4752905997376293,0.23059395436240296,1.7585924787986942,-0.19064943064824477,1
0.0469251486235109,0.830091989263426,0.1646838369793338,-0.524074413014724,1.4752905997376293,0.3927032380683032,-0.2752603539738811,-0.27810161238532144,0
-0.2469744664395313,-0.5112403335875558,-1.546877438177058,-1.0552912371097167,1.4752905997376293,-0.19678506631678783,-0.5985908043120856,-0.8028147028077817,0
0.0469251486235109,0.04492184905797322,0.6781522195262514,-1.8521164732522057,1.4752905997376293,-0.034675782610887586,-0.07361340645113006,0.0717071145629853,0
0.9286239938126375,-0.24951695351907155,0.335839964494973,-1.5865080612047096,-1.3874739341338478,-1.243126806600324,0.006350038256167853,-0.19064943064824477,0
-1.128673311628658,-0.44580948857043473,-0.3487845455675837,-1.188095443133465,0.011128586230843347,-0.7273245402633695,1.1223615926493247,-0.10319724891116808,0
-0.8347736965656157,1.3535387494003945,-0.006472290536305356,0.007142411080268785,0.011128586230843347,0.9969287500630217,2.6112461663841207,-0.01574506717409139,1
-0.5408740815025735,-0.5439557560961163,0.6781522195262514,1.7999991924008694,1.4752905997376293,0.21585674675277652,0.8581345579643402,-0.36555379412239813,1
0.0469251486235109,-0.053224418467708375,-0.3487845455675837,0.007142411080268785,0.011128586230843347,-0.38836876524194197,0.8511812149463144,0.0717071145629853,0
-0.8347736965656157,-0.34766322104475317,1.1916206020731688,-1.3208996491572131,0.011128586230843347,-0.31468272719380563,-1.116614859155015,-0.8902668845448583,0
-1.128673311628658,0.11035269407509428,-0.3487845455675837,0.007142411080268785,0.011128586230843347,-1.1104919381136789,-0.8975845540871993,-1.0651712480190116,0
1.5164232239387219,-0.6421020236217979,0.335839964494973,1.0695760592702543,0.011128586230843347,0.09795908587575769,0.6982076685497448,1.1211332954079056,1
-1.128673311628658,0.47022234166926014,0.1646838369793338,1.7999991924008694,1.4752905997376293,-1.7884034881565332,1.2370917524467517,0.9462289319337522,1
0.0469251486235109,0.2412143841093364,1.1916206020731688,-1.188095443133465,1.4752905997376293,0.4221776532875582,-0.8106677663618753,-0.8902668845448583,0
0.0469251486235109,-0.9038254036902822,-0.6055187368410425,-0.9224870310859685,0.011128586230843347,-1.1104919381136789,-1.09923150160995,-1.0651712480190116,0
2.1042224540648062,0.5356531866863812,0.1646838369793338,-0.39127020699097576,1.4752905997376293,0.569549729383831,0.32272714557634635,1.4709420223562124,1
0.3408247636865531,2.2041397346229683,-0.691096800598862,0.5383592351752615,1.4752905997376293,-0.15257344348790589,0.41312060481068275,-0.36555379412239813,1
-0.5408740815025735,1.4844004394346366,-2.402658075755254,0.13994661710401698,1.234905791549948,2.706444832779786,-0.04232336287001348,-0.45300597585947483,0
-0.2469744664395313,-1.3618413188101295,0.8493083470418905,0.27275082312776516,-1.4967397560373392,0.2895427848009129,2.6112461663841207,-0.5404581575965516,1
-0.2469744664395313,-0.44580948857043473,-0.8622529281145013,-0.6568786190384721,0.011128586230843347,-0.9189082391885242,-0.838481138433979,-0.715362521070705,0
-0.2469744664395313,-0.5112403335875558,-0.006472290536305356,0.007142411080268785,0.011128586230843347,-0.9483826544077786,-0.8941078825781863,-0.5404581575965516,0
-1.128673311628658,-0.9365408261988427,2.3897134946826433,1.3351844713177508,-1.4967397560373392,1.6453658848866217,1.9359027257583543,0.15915929630006198,0
0.3408247636865531,1.1899616368575918,-0.17762841805194454,0.007142411080268785,0.011128586230843347,-0.35889435002268755,-0.8941078825781863,2.6078203849382096,0
1.810322839001764,-0.34766322104475317,-0.17762841805194454,-0.2584660009672276,0.011128586230843347,-0.697850125044115,-1.1235682021730407,0.5964202049854455,1
-0.8347736965656157,-0.7402482911474795,-1.2045651831457795,-1.91851857626408,0.011128586230843347,-1.007331484846288,0.3018671165222686,-1.0651712480190116,0
0.9286239938126375,0.9282382567891075,-0.5199406730832229,1.7335970893889951,1.4752905997376293,0.3632288228490493,0.8824712585274309,0.7713245684595988,0
-0.8347736965656157,0.7319457217377443,0.8493083470418905,1.4679886773414987,0.011128586230843347,1.3358845250844487,0.49656072102699356,-0.45300597585947483,0
-1.128673311628658,-0.5439557560961163,-0.3487845455675837,-0.9224870310859685,0.011128586230843347,-1.8031406957661607,-0.7932844088168106,-0.977719066281935,0
0.6347243787495953,-0.24951695351907155,1.362776729588808,0.007142411080268785,0.011128586230843347,-0.653638502215233,-0.7550410222176682,2.749930180260959,0
-0.5408740815025735,-1.0346870937245243,-1.0334090556301405,0.007142411080268785,0.011128586230843347,-1.287338429429206,-0.9497346267223933,-0.715362521070705,0
0.9286239938126375,2.0405626220801656,1.0204644745575298,0.5383592351752615,0.011128586230843347,0.48112648372606703,-0.3795604992442697,0.6838723867225222,1
-0.5408740815025735,0.17578353909221534,-1.2045651831457795,-0.6568786190384721,1.4752905997376293,-0.6683757098248605,2.6112461663841207,-0.715362521070705,0
0.9286239938126375,0.5029377641778207,1.5339328571044473,1.600792883365247,0.011128586230843347,-0.034675782610887586,-0.2544003249198034,0.5089680232483688,0
-0.5408740815025735,1.1899616368575918,1.5339328571044473,0.007142411080268785,0.011128586230843347,-0.09362461304939648,1.1849416798115577,2.749930180260959,1
-0.5408740815025735,-0.5112403335875558,-0.691096800598862,0.8039676472227579,-0.600760016428709,-0.25573389675529673,2.6112461663841207,0.0717071145629853,0
-0.8347736965656157,-0.4130940660618742,-2.7449703307865323,-1.4537038551809613,-0.5133473589059158,-1.346287259867715,-0.19877358077559634,-0.6279103393336283,0
-0.5408740815025735,-0.02050899595914784,-0.17762841805194454,0.40555502915151337,-1.4967397560373392,1.0116659576726492,1.4665520720416065,-0.8902668845448583,0
-0.2469744664395313,-1.132833361250206,-1.0334090556301405,-1.4537038551809613,0.011128586230843347,-1.5378709587928696,-0.0701367349421171,-1.0651712480190116,0
-0.5408740815025735,-0.44580948857043473,0.6781522195262514,0.007142411080268785,0.011128586230843347,-0.7715361630922514,-0.7133209641095127,1.6458463858303658,1
-0.5408740815025735,-1.0346870937245243,-0.3487845455675837,1.7335970893889951,0.011128586230843347,0.8790310891860039,0.1349868840896469,-0.5404581575965516,1
0.0469251486235109,0.6665148767206233,1.1916206020731688,0.007142411080268785,0.011128586230843347,1.7337891305443855,0.6286742383694858,-0.977719066281935,1
-0.2469744664395313,0.04492184905797322,2.3897134946826433,0.8039676472227579,1.4752905997376293,2.706444832779786,1.4456920429875288,-0.977719066281935,0
-0.2469744664395313,-0.6421020236217979,0.1646838369793338,0.007142411080268785,0.011128586230843347,-0.40310597285156946,-1.1931016323533,-0.10319724891116808,0
1.810322839001764,-0.21680153101051103,-0.006472290536305356,0.007142411080268785,0.011128586230843347,0.024273047827621307,-0.7063676210914869,-0.27810161238532144,1
2.6920216841908906,-1.4927030088443718,-1.0334090556301405,0.007142411080268785,0.011128586230843347,0.0832218782661302,-0.9879780133215358,0.6838723867225222,0
-0.2469744664395313,0.8628074117719865,-0.5199406730832229,-0.524074413014724,0.011128586230843347,0.03901025543724879,-0.7237509786365516,-0.977719066281935,0
-0.5408740815025735,0.6337994542120627,-1.2045651831457795,0.6711634411990097,0.18595390127642974,-1.007331484846288,0.8164144998561849,-0.8028147028077817,0
-0.5408740815025735,-0.9692562487074032,0.335839964494973,-1.188095443133465,0.011128586230843347,-1.1841779761618152,2.6112461663841207,-0.45300597585947483,0
0.9286239938126375,-0.6093866011132374,-0.5199406730832229,0.40555502915151337,0.011128586230843347,1.0116659576726492,-0.41780388584341216,-0.19064943064824477,1
-0.5408740815025735,2.4658631146914525,-0.17762841805194454,1.7999991924008694,0.011128586230843347,0.3632288228490493,0.3853072327385791,2.5203682032011328,1
0.6347243787495953,1.4189695944175156,-0.3487845455675837,-0.39127020699097576,1.4752905997376293,0.20111953914314903,0.5800008372433044,1.3834898406191356,0
0.3408247636865531,-1.198264206267327,0.1646838369793338,-0.9224870310859685,0.011128586230843347,-0.47679201089970585,2.6112461663841207,-0.10319724891116808,1
2.6920216841908906,0.2412143841093364,-0.006472290536305356,0.13994661710401698,0.011128586230843347,1.129563618549667,0.3644472036845014,0.9462289319337522,1
0.6347243787495953,0.830091989263426,0.6781522195262514,0.007142411080268785,0.011128586230843347,-0.40310597285156946,-0.9949313563395618,1.4709420223562124,1
0.3408247636865531,-0.21680153101051103,0.335839964494973,0.007142411080268785,0.011128586230843347,-0.15257344348790589,-0.4212805573524249,0.9462289319337522,1
0.3408247636865531,0.14306811658365481,0.5069960920106121,-0.2584660009672276,-1.4967397560373392,-0.38836876524194197,-0.08752009248718187,0.5964202049854455,0
2.398122069127848,0.9609536792976681,-0.17762841805194454,1.4679886773414987,1.4752905997376293,1.409570563132585,0.9659113747437418,0.42151584151129207,1
-1.128673311628658,-0.15137068599338996,-0.5199406730832229,0.27275082312776516,1.4752905997376293,-0.2115222739264148,0.10022016899951738,-0.977719066281935,0
-1.128673311628658,0.6337994542120627,1.0204644745575298,-0.39127020699097576,0.011128586230843347,0.024273047827621307,-0.10838012154125957,-0.977719066281935,0
1.2225236088756797,-0.5439557560961163,2.3897134946826433,0.9367718532465061,0.011128586230843347,1.6306286772769942,-0.7828543942897718,1.0336811136708288,1
